Workbook

Sheet Gerenciamento IH
A1: Data de abertura | B1: OS | C1: Nome do Cliente | D1: Modelo da Condensadora / Evaporadora | E1: N° de série | F1: TAT | G1: Peça Necessária? | H1: Agendado? | I1: Data da Visita | J1: Necessita Retorno? | K1: Peça Necessária para Retorno? | L1: Retorno Agendado? | M1: Data da 2° Visita | N1: Reparo finalizado? | O1: Toda Documentação está disponível? | P1: Necessário VOID? | Q1: SAW ( Extra Man ) | R1: SAW ( KM ) | S1: Data da Finalização OS | T1: Analista | U1: N° GA (SÓ PARA AM) | V1: Observações
A2: =IFERROR(__xludf.DUMMYFUNCTION("IFERROR(TO_TEXT(INDEX(Base!E:E, MATCH(B2, Base!A:A, 0))), ""mm.dd.yyyy"") "),"11.10.2025") -> 11.10.2025 | B2: 4174445115 | C2: {=IFERROR(INDEX(Base!I:I,MATCH(B2,Base!A:A,0)),"Nome do Cliente")} -> MARIO GOMES DA SILVA | D2: {=IFERROR(INDEX(Base!G:G,MATCH(B2,Base!A:A,0)),"Modelo da Cond.")} -> AC018DN1DKG/AZ | E2: {=IFERROR(INDEX(Base!H:H,MATCH(B2,Base!A:A,0)),"N° Serial")} -> 0309PXAY700069B | F2: =INT(TODAY() - DATE(RIGHT(A2,4), LEFT(A2,2), MID(A2,4,2))) -> 160 | G2: Não | H2: TRUE | I2: 45982 | J2: Sim | K2: Sim, solicitada | L2: TRUE | M2: 06/01/2026 e 08/04/2026 | N2: FALSE | V2: 1ª kaynã - 2ª visita éder - Terá mais uma visita, necessário peça, 3°- visita éder = delton = levar motor de passo 2 1 placa 1 moldura 1 aleta
A3: =IFERROR(__xludf.DUMMYFUNCTION("IFERROR(TO_TEXT(INDEX(Base!E:E, MATCH(B3, Base!A:A, 0))), ""mm.dd.yyyy"") "),"12.01.2025") -> 12.01.2025 | B3: 4174601418 | C3: {=IFERROR(INDEX(Base!I:I,MATCH(B3,Base!A:A,0)),"Nome do Cliente")} -> Bruno Henrique Dannas Pelogia | D3: {=IFERROR(INDEX(Base!G:G,MATCH(B3,Base!A:A,0)),"Modelo da Cond.")} -> AJ050AXJ2KH/AZ | E3: {=IFERROR(INDEX(Base!H:H,MATCH(B3,Base!A:A,0)),"N° Serial")} -> 02TGPXBX200299V | F3: =INT(TODAY() - DATE(RIGHT(A3,4), LEFT(A3,2), MID(A3,4,2))) -> 139 | G3: Não | H3: TRUE | I3: 46029 | J3: Sim | K3: Sim, em estoque | L3: TRUE | M3: 46136 | N3: FALSE | V3: Eder
A4: =IFERROR(__xludf.DUMMYFUNCTION("IFERROR(TO_TEXT(INDEX(Base!E:E, MATCH(B4, Base!A:A, 0))), ""mm.dd.yyyy"") "),"02.26.2026") -> 02.26.2026 | B4: 4175256827 | C4: {=IFERROR(INDEX(Base!I:I,MATCH(B4,Base!A:A,0)),"Nome do Cliente")} -> Lorena De Souza cordeiro | D4: {=IFERROR(INDEX(Base!G:G,MATCH(B4,Base!A:A,0)),"Modelo da Cond.")} -> AM070TXMDKH/AZ | E4: {=IFERROR(INDEX(Base!H:H,MATCH(B4,Base!A:A,0)),"N° Serial")} -> 0VMXPAOT700052B | F4: =INT(TODAY() - DATE(RIGHT(A4,4), LEFT(A4,2), MID(A4,4,2))) -> 52 | G4: Sim, em estoque | H4: TRUE | I4: 46111 | J4: Não | K4: Não | L4: FALSE | N4: TRUE | O4: Sim | P4: Não | Q4: Realizado, não lançado | R4: Realizado, não lançado | V4: OS finalizada, necessário adicionar sintomas, extraman e KM
A5: =IFERROR(__xludf.DUMMYFUNCTION("IFERROR(TO_TEXT(INDEX(Base!E:E, MATCH(B5, Base!A:A, 0))), ""mm.dd.yyyy"") "),"12.19.2025") -> 12.19.2025 | B5: 4174748994 | C5: {=IFERROR(INDEX(Base!I:I,MATCH(B5,Base!A:A,0)),"Nome do Cliente")} -> Eliane Vignatti Avancini | D5: {=IFERROR(INDEX(Base!G:G,MATCH(B5,Base!A:A,0)),"Modelo da Cond.")} -> AC048TN4DKC/AZ | E5: {=IFERROR(INDEX(Base!H:H,MATCH(B5,Base!A:A,0)),"N° Serial")} -> BF09P3HW800039W | F5: =INT(TODAY() - DATE(RIGHT(A5,4), LEFT(A5,2), MID(A5,4,2))) -> 121 | G5: Não | H5: TRUE | I5: 46041 | J5: Sim | K5: Sim, não solicitada | L5: TRUE | M5: 46126 | N5: FALSE | V5: Anderson 1° visita. 2° Guilherme, será necessário retorno com mais peças.
A6: =IFERROR(__xludf.DUMMYFUNCTION("IFERROR(TO_TEXT(INDEX(Base!E:E, MATCH(B6, Base!A:A, 0))), ""mm.dd.yyyy"") "),"12.17.2025") -> 12.17.2025 | B6: 4174734388 | C6: {=IFERROR(INDEX(Base!I:I,MATCH(B6,Base!A:A,0)),"Nome do Cliente")} -> Endrigo Rampaso | D6: {=IFERROR(INDEX(Base!G:G,MATCH(B6,Base!A:A,0)),"Modelo da Cond.")} -> AM028TNVDKH/EU | E6: {=IFERROR(INDEX(Base!H:H,MATCH(B6,Base!A:A,0)),"N° Serial")} -> 0HG6PDCX900064A | F6: =INT(TODAY() - DATE(RIGHT(A6,4), LEFT(A6,2), MID(A6,4,2))) -> 123 | G6: Sim, em estoque | H6: TRUE | I6: 46017 | J6: Não | K6: Não | L6: FALSE | N6: TRUE | O6: Sim | Q6: Realizado, não lançado | R6: Realizado, não lançado | U6: 1253462670 | V6: Subir Extraman e KM
A7: =IFERROR(__xludf.DUMMYFUNCTION("IFERROR(TO_TEXT(INDEX(Base!E:E, MATCH(B7, Base!A:A, 0))), ""mm.dd.yyyy"") "),"01.05.2026") -> 01.05.2026 | B7: 4174846790 | C7: {=IFERROR(INDEX(Base!I:I,MATCH(B7,Base!A:A,0)),"Nome do Cliente")} -> Fernando Romeu Miassi | D7: {=IFERROR(INDEX(Base!G:G,MATCH(B7,Base!A:A,0)),"Modelo da Cond.")} -> AM036TNVDKH/EU | E7: {=IFERROR(INDEX(Base!H:H,MATCH(B7,Base!A:A,0)),"N° Serial")} -> 0HG7PDAW900052X | F7: =INT(TODAY() - DATE(RIGHT(A7,4), LEFT(A7,2), MID(A7,4,2))) -> 104 | G7: Não | H7: TRUE | I7: 46034 | J7: Sim | K7: Sim, em estoque | L7: TRUE | M7: 46084 | N7: TRUE | O7: Sim | P7: Não | Q7: Realizado, não lançado | R7: Realizado, não lançado | V7: Subir Extraman e KM
A8: =IFERROR(__xludf.DUMMYFUNCTION("IFERROR(TO_TEXT(INDEX(Base!E:E, MATCH(B8, Base!A:A, 0))), ""mm.dd.yyyy"") "),"01.07.2026") -> 01.07.2026 | B8: 4174866947 | C8: {=IFERROR(INDEX(Base!I:I,MATCH(B8,Base!A:A,0)),"Nome do Cliente")} -> Sidnei Dos Reis Lopes | D8: {=IFERROR(INDEX(Base!G:G,MATCH(B8,Base!A:A,0)),"Modelo da Cond.")} -> AC018DN1DKG/AZ | E8: {=IFERROR(INDEX(Base!H:H,MATCH(B8,Base!A:A,0)),"N° Serial")} -> 0309PXAY400025P | F8: =INT(TODAY() - DATE(RIGHT(A8,4), LEFT(A8,2), MID(A8,4,2))) -> 102 | G8: Sim, em estoque | H8: FALSE | L8: FALSE | N8: FALSE | V8: Cliente resolveu por conta, como finalizar?
A9: =IFERROR(__xludf.DUMMYFUNCTION("IFERROR(TO_TEXT(INDEX(Base!E:E, MATCH(B9, Base!A:A, 0))), ""mm.dd.yyyy"") "),"01.09.2026") -> 01.09.2026 | B9: 4174886626 | C9: {=IFERROR(INDEX(Base!I:I,MATCH(B9,Base!A:A,0)),"Nome do Cliente")} -> VICENTE DE PAULA CRUZ | D9: {=IFERROR(INDEX(Base!G:G,MATCH(B9,Base!A:A,0)),"Modelo da Cond.")} -> MXD-A64K100E | E9: {=IFERROR(INDEX(Base!H:H,MATCH(B9,Base!A:A,0)),"N° Serial")} -> M1502O66X610122 | F9: =INT(TODAY() - DATE(RIGHT(A9,4), LEFT(A9,2), MID(A9,4,2))) -> 100 | G9: Sim, em estoque | H9: TRUE | I9: 46078 | J9: Não | K9: Não | L9: FALSE | N9: TRUE | O9: Não | P9: Não | Q9: Não iniciado | R9: Realizado e lançado | V9: César, verificar com o emerson
A10: =IFERROR(__xludf.DUMMYFUNCTION("IFERROR(TO_TEXT(INDEX(Base!E:E, MATCH(B10, Base!A:A, 0))), ""mm.dd.yyyy"") "),"01.16.2026") -> 01.16.2026 | B10: 4174946607 | C10: {=IFERROR(INDEX(Base!I:I,MATCH(B10,Base!A:A,0)),"Nome do Cliente")} -> COMERCIAL PROTON LIMITADA | D10: {=IFERROR(INDEX(Base!G:G,MATCH(B10,Base!A:A,0)),"Modelo da Cond.")} -> AM170TN4DKH/EA | E10: {=IFERROR(INDEX(Base!H:H,MATCH(B10,Base!A:A,0)),"N° Serial")} -> M000 | F10: =INT(TODAY() - DATE(RIGHT(A10,4), LEFT(A10,2), MID(A10,4,2))) -> 93 | G10: Sim, não solicitada | H10: FALSE | L10: FALSE | N10: FALSE
A11: =IFERROR(__xludf.DUMMYFUNCTION("IFERROR(TO_TEXT(INDEX(Base!E:E, MATCH(B11, Base!A:A, 0))), ""mm.dd.yyyy"") "),"01.14.2026") -> 01.14.2026 | B11: 4174925640 | C11: {=IFERROR(INDEX(Base!I:I,MATCH(B11,Base!A:A,0)),"Nome do Cliente")} -> Thiago Nascimento Pontes | D11: {=IFERROR(INDEX(Base!G:G,MATCH(B11,Base!A:A,0)),"Modelo da Cond.")} -> AJ100DXJ5KH/AZ | E11: {=IFERROR(INDEX(Base!H:H,MATCH(B11,Base!A:A,0)),"N° Serial")} -> 0344PXBY500159H | F11: =INT(TODAY() - DATE(RIGHT(A11,4), LEFT(A11,2), MID(A11,4,2))) -> 95 | G11: Não | H11: TRUE | I11: 46085 | J11: Sim | K11: Sim, não solicitada | L11: TRUE | M11: 46129 | N11: FALSE | V11: 1a. visita Henrique, 2º visita fausto, necesario mais um retorno com peça
A12: =IFERROR(__xludf.DUMMYFUNCTION("IFERROR(TO_TEXT(INDEX(Base!E:E, MATCH(B12, Base!A:A, 0))), ""mm.dd.yyyy"") "),"01.14.2026") -> 01.14.2026 | B12: 4174925699 | C12: {=IFERROR(INDEX(Base!I:I,MATCH(B12,Base!A:A,0)),"Nome do Cliente")} -> Richard Frank | D12: {=IFERROR(INDEX(Base!G:G,MATCH(B12,Base!A:A,0)),"Modelo da Cond.")} -> AJ025ANAPKH2AZ | E12: {=IFERROR(INDEX(Base!H:H,MATCH(B12,Base!A:A,0)),"N° Serial")} -> 0321PXCXA01720X | F12: =INT(TODAY() - DATE(RIGHT(A12,4), LEFT(A12,2), MID(A12,4,2))) -> 95 | G12: Sim, não solicitada | H12: FALSE | L12: FALSE | N12: FALSE
A13: =IFERROR(__xludf.DUMMYFUNCTION("IFERROR(TO_TEXT(INDEX(Base!E:E, MATCH(B13, Base!A:A, 0))), ""mm.dd.yyyy"") "),"01.16.2026") -> 01.16.2026 | B13: 4174947209 | C13: {=IFERROR(INDEX(Base!I:I,MATCH(B13,Base!A:A,0)),"Nome do Cliente")} -> Mathias Braga | D13: {=IFERROR(INDEX(Base!G:G,MATCH(B13,Base!A:A,0)),"Modelo da Cond.")} -> AJ035ANAPKH2AZ | E13: {=IFERROR(INDEX(Base!H:H,MATCH(B13,Base!A:A,0)),"N° Serial")} -> M000 | F13: =INT(TODAY() - DATE(RIGHT(A13,4), LEFT(A13,2), MID(A13,4,2))) -> 93 | H13: FALSE | L13: FALSE | N13: FALSE
A14: =IFERROR(__xludf.DUMMYFUNCTION("IFERROR(TO_TEXT(INDEX(Base!E:E, MATCH(B14, Base!A:A, 0))), ""mm.dd.yyyy"") "),"01.19.2026") -> 01.19.2026 | B14: 4174960583 | C14: {=IFERROR(INDEX(Base!I:I,MATCH(B14,Base!A:A,0)),"Nome do Cliente")} -> William Robert Nahra Filho | D14: {=IFERROR(INDEX(Base!G:G,MATCH(B14,Base!A:A,0)),"Modelo da Cond.")} -> AC024DN4DKG/AZ | E14: {=IFERROR(INDEX(Base!H:H,MATCH(B14,Base!A:A,0)),"N° Serial")} -> 030FPXAX200036P | F14: =INT(TODAY() - DATE(RIGHT(A14,4), LEFT(A14,2), MID(A14,4,2))) -> 90 | G14: Sim, solicitada | H14: TRUE | I14: 46129 | J14: Sim | K14: Sim, não solicitada | L14: FALSE | N14: FALSE
A15: =IFERROR(__xludf.DUMMYFUNCTION("IFERROR(TO_TEXT(INDEX(Base!E:E, MATCH(B15, Base!A:A, 0))), ""mm.dd.yyyy"") "),"01.23.2026") -> 01.23.2026 | B15: 4175001531 | C15: {=IFERROR(INDEX(Base!I:I,MATCH(B15,Base!A:A,0)),"Nome do Cliente")} -> Marcos Phaulo Passos Bastos | D15: {=IFERROR(INDEX(Base!G:G,MATCH(B15,Base!A:A,0)),"Modelo da Cond.")} -> AJ080AXJ4KH/AZ | E15: {=IFERROR(INDEX(Base!H:H,MATCH(B15,Base!A:A,0)),"N° Serial")} -> 02TMPXBY100174H | F15: =INT(TODAY() - DATE(RIGHT(A15,4), LEFT(A15,2), MID(A15,4,2))) -> 86 | G15: Não | H15: TRUE | I15: 46055 | J15: Sim | K15: Sim, não solicitada | L15: FALSE | N15: FALSE | V15: 1° Visita - Henrique - Solicitar placas main e sub
A16: =IFERROR(__xludf.DUMMYFUNCTION("IFERROR(TO_TEXT(INDEX(Base!E:E, MATCH(B16, Base!A:A, 0))), ""mm.dd.yyyy"") "),"01.23.2026") -> 01.23.2026 | B16: 4175002599 | C16: {=IFERROR(INDEX(Base!I:I,MATCH(B16,Base!A:A,0)),"Nome do Cliente")} -> Marcos Phaulo Passos Bastos | D16: {=IFERROR(INDEX(Base!G:G,MATCH(B16,Base!A:A,0)),"Modelo da Cond.")} -> AJ080AXJ4KH/AZ | E16: {=IFERROR(INDEX(Base!H:H,MATCH(B16,Base!A:A,0)),"N° Serial")} -> 02TMPXBY100230J | F16: =INT(TODAY() - DATE(RIGHT(A16,4), LEFT(A16,2), MID(A16,4,2))) -> 86 | G16: Não | H16: TRUE | I16: 46055 | J16: Não | K16: Não | L16: FALSE | N16: FALSE | V16: Henrique - OS aberta com nº do S/N de maquina que não precisa de reparo
A17: =IFERROR(__xludf.DUMMYFUNCTION("IFERROR(TO_TEXT(INDEX(Base!E:E, MATCH(B17, Base!A:A, 0))), ""mm.dd.yyyy"") "),"01.27.2026") -> 01.27.2026 | B17: 4175021965 | C17: {=IFERROR(INDEX(Base!I:I,MATCH(B17,Base!A:A,0)),"Nome do Cliente")} -> MARCOS FERREIRA | D17: {=IFERROR(INDEX(Base!G:G,MATCH(B17,Base!A:A,0)),"Modelo da Cond.")} -> AJ050AXJ2KH/AZ | E17: {=IFERROR(INDEX(Base!H:H,MATCH(B17,Base!A:A,0)),"N° Serial")} -> 02TGPXBY700025R | F17: =INT(TODAY() - DATE(RIGHT(A17,4), LEFT(A17,2), MID(A17,4,2))) -> 82 | G17: Não | H17: TRUE | I17: 46080 | J17: Sim | K17: Sim, não solicitada | L17: FALSE | N17: FALSE | V17: Guilherme
A18: =IFERROR(__xludf.DUMMYFUNCTION("IFERROR(TO_TEXT(INDEX(Base!E:E, MATCH(B18, Base!A:A, 0))), ""mm.dd.yyyy"") "),"01.28.2026") -> 01.28.2026 | B18: 4175031844 | C18: {=IFERROR(INDEX(Base!I:I,MATCH(B18,Base!A:A,0)),"Nome do Cliente")} -> Renato Antonio Casagrande | D18: {=IFERROR(INDEX(Base!G:G,MATCH(B18,Base!A:A,0)),"Modelo da Cond.")} -> AC060DN4DKG/AZ | E18: {=IFERROR(INDEX(Base!H:H,MATCH(B18,Base!A:A,0)),"N° Serial")} -> M000 | F18: =INT(TODAY() - DATE(RIGHT(A18,4), LEFT(A18,2), MID(A18,4,2))) -> 81 | G18: Sim, em estoque | H18: FALSE | L18: FALSE | N18: FALSE | O18: Não | Q18: Não iniciado | R18: Não iniciado | V18: Votuporanga, parceiro
A19: =IFERROR(__xludf.DUMMYFUNCTION("IFERROR(TO_TEXT(INDEX(Base!E:E, MATCH(B19, Base!A:A, 0))), ""mm.dd.yyyy"") "),"01.28.2026") -> 01.28.2026 | B19: 4175039234 | C19: {=IFERROR(INDEX(Base!I:I,MATCH(B19,Base!A:A,0)),"Nome do Cliente")} -> ANDRIGO CARNELOSSI | D19: {=IFERROR(INDEX(Base!G:G,MATCH(B19,Base!A:A,0)),"Modelo da Cond.")} -> AJ050AXJ2KH/AZ | E19: {=IFERROR(INDEX(Base!H:H,MATCH(B19,Base!A:A,0)),"N° Serial")} -> 02TGPXDX700082A | F19: =INT(TODAY() - DATE(RIGHT(A19,4), LEFT(A19,2), MID(A19,4,2))) -> 81 | G19: Não | H19: TRUE | I19: 46052 | J19: Não | K19: Não | L19: FALSE | N19: TRUE | O19: Sim | P19: Sim | Q19: Realizado e lançado | R19: Realizado e lançado | V19: 1° Visita - Anderson
A20: =IFERROR(__xludf.DUMMYFUNCTION("IFERROR(TO_TEXT(INDEX(Base!E:E, MATCH(B20, Base!A:A, 0))), ""mm.dd.yyyy"") "),"01.30.2026") -> 01.30.2026 | B20: 4175055471 | C20: {=IFERROR(INDEX(Base!I:I,MATCH(B20,Base!A:A,0)),"Nome do Cliente")} -> Ligia Pereira Hubert | D20: {=IFERROR(INDEX(Base!G:G,MATCH(B20,Base!A:A,0)),"Modelo da Cond.")} -> AJ050AXJ2KH/AZ | E20: {=IFERROR(INDEX(Base!H:H,MATCH(B20,Base!A:A,0)),"N° Serial")} -> 02TGPXBY200032F | F20: =INT(TODAY() - DATE(RIGHT(A20,4), LEFT(A20,2), MID(A20,4,2))) -> 79 | G20: Não | H20: TRUE | I20: 46079 | J20: Não | K20: Não | L20: FALSE | N20: TRUE | O20: Sim | P20: Sim | Q20: Realizado e lançado | R20: Realizado e lançado | V20: Problema no GSPN - Aguardando resposta Samsung
A21: =IFERROR(__xludf.DUMMYFUNCTION("IFERROR(TO_TEXT(INDEX(Base!E:E, MATCH(B21, Base!A:A, 0))), ""mm.dd.yyyy"") "),"01.30.2026") -> 01.30.2026 | B21: 4175055482 | C21: {=IFERROR(INDEX(Base!I:I,MATCH(B21,Base!A:A,0)),"Nome do Cliente")} -> Patrick De Moura Sousa | D21: {=IFERROR(INDEX(Base!G:G,MATCH(B21,Base!A:A,0)),"Modelo da Cond.")} -> AJ050AXJ2KH/AZ | E21: {=IFERROR(INDEX(Base!H:H,MATCH(B21,Base!A:A,0)),"N° Serial")} -> 02TGPXBX100547H | F21: =INT(TODAY() - DATE(RIGHT(A21,4), LEFT(A21,2), MID(A21,4,2))) -> 79 | G21: Não | H21: TRUE | I21: 46076 | J21: Sim | K21: Não | L21: TRUE | M21: 46126 | N21: FALSE | O21: Não | Q21: Não iniciado | R21: Não iniciado | V21: 1° Visita - kaynã, Necessario retorno para retirar a maquina, maquina na base para teste
A22: =IFERROR(__xludf.DUMMYFUNCTION("IFERROR(TO_TEXT(INDEX(Base!E:E, MATCH(B22, Base!A:A, 0))), ""mm.dd.yyyy"") "),"01.30.2026") -> 01.30.2026 | B22: 4175055490 | C22: {=IFERROR(INDEX(Base!I:I,MATCH(B22,Base!A:A,0)),"Nome do Cliente")} -> GIULIA MADEIROS GUIDONI | D22: {=IFERROR(INDEX(Base!G:G,MATCH(B22,Base!A:A,0)),"Modelo da Cond.")} -> AJ100DXJ5KH/AZ | E22: {=IFERROR(INDEX(Base!H:H,MATCH(B22,Base!A:A,0)),"N° Serial")} -> 0344PXBY900196P | F22: =INT(TODAY() - DATE(RIGHT(A22,4), LEFT(A22,2), MID(A22,4,2))) -> 79 | G22: Sim, em estoque | H22: TRUE | I22: 46092 | J22: Sim | K22: Sim, solicitada | L22: FALSE | N22: FALSE | V22: 1a. Visita Guilherme
A23: =IFERROR(__xludf.DUMMYFUNCTION("IFERROR(TO_TEXT(INDEX(Base!E:E, MATCH(B23, Base!A:A, 0))), ""mm.dd.yyyy"") "),"01.30.2026") -> 01.30.2026 | B23: 4175055496 | C23: {=IFERROR(INDEX(Base!I:I,MATCH(B23,Base!A:A,0)),"Nome do Cliente")} -> Luka Marques De Araujo | D23: {=IFERROR(INDEX(Base!G:G,MATCH(B23,Base!A:A,0)),"Modelo da Cond.")} -> AC018DXADKG/AZ | E23: {=IFERROR(INDEX(Base!H:H,MATCH(B23,Base!A:A,0)),"N° Serial")} -> 030DPXBY200141N | F23: =INT(TODAY() - DATE(RIGHT(A23,4), LEFT(A23,2), MID(A23,4,2))) -> 79 | G23: Não | H23: FALSE | L23: FALSE | N23: FALSE
A24: =IFERROR(__xludf.DUMMYFUNCTION("IFERROR(TO_TEXT(INDEX(Base!E:E, MATCH(B24, Base!A:A, 0))), ""mm.dd.yyyy"") "),"02.02.2026") -> 02.02.2026 | B24: 4175068842 | C24: {=IFERROR(INDEX(Base!I:I,MATCH(B24,Base!A:A,0)),"Nome do Cliente")} -> GABRIELA LUCIANO BORRI ARANDA | D24: {=IFERROR(INDEX(Base!G:G,MATCH(B24,Base!A:A,0)),"Modelo da Cond.")} -> AJ100AXJ5KH/AZ | E24: {=IFERROR(INDEX(Base!H:H,MATCH(B24,Base!A:A,0)),"N° Serial")} -> BLK6P3CX400095V | F24: =INT(TODAY() - DATE(RIGHT(A24,4), LEFT(A24,2), MID(A24,4,2))) -> 76 | G24: Não | H24: TRUE | I24: 46078 | J24: Sim | K24: Sim, em estoque | L24: FALSE | N24: FALSE | V24: 1° Visita - Henrique
A25: =IFERROR(__xludf.DUMMYFUNCTION("IFERROR(TO_TEXT(INDEX(Base!E:E, MATCH(B25, Base!A:A, 0))), ""mm.dd.yyyy"") "),"02.02.2026") -> 02.02.2026 | B25: 4175069975 | C25: {=IFERROR(INDEX(Base!I:I,MATCH(B25,Base!A:A,0)),"Nome do Cliente")} -> Jorge Luiz de Castro e Sil | D25: {=IFERROR(INDEX(Base!G:G,MATCH(B25,Base!A:A,0)),"Modelo da Cond.")} -> AJ068AXJ3KH/AZ | E25: {=IFERROR(INDEX(Base!H:H,MATCH(B25,Base!A:A,0)),"N° Serial")} -> 02TKPXBX300204A | F25: =INT(TODAY() - DATE(RIGHT(A25,4), LEFT(A25,2), MID(A25,4,2))) -> 76 | G25: Sim, em estoque | H25: TRUE | I25: 46085 | J25: Não | K25: Não | L25: FALSE | N25: TRUE | O25: Sim | P25: Não | Q25: Realizado e lançado | R25: Realizado e lançado | V25: Ronitti, aguardando evidencias
A26: =IFERROR(__xludf.DUMMYFUNCTION("IFERROR(TO_TEXT(INDEX(Base!E:E, MATCH(B26, Base!A:A, 0))), ""mm.dd.yyyy"") "),"02.04.2026") -> 02.04.2026 | B26: 4175087864 | C26: {=IFERROR(INDEX(Base!I:I,MATCH(B26,Base!A:A,0)),"Nome do Cliente")} -> Marcelo Giovani Bernardino p | D26: {=IFERROR(INDEX(Base!G:G,MATCH(B26,Base!A:A,0)),"Modelo da Cond.")} -> AJ035ANAPKH2AZ | E26: {=IFERROR(INDEX(Base!H:H,MATCH(B26,Base!A:A,0)),"N° Serial")} -> 0322PXCXC00229K | F26: =INT(TODAY() - DATE(RIGHT(A26,4), LEFT(A26,2), MID(A26,4,2))) -> 74 | G26: Não | H26: FALSE | L26: FALSE | N26: FALSE
A27: =IFERROR(__xludf.DUMMYFUNCTION("IFERROR(TO_TEXT(INDEX(Base!E:E, MATCH(B27, Base!A:A, 0))), ""mm.dd.yyyy"") "),"02.04.2026") -> 02.04.2026 | B27: 4175085235 | C27: {=IFERROR(INDEX(Base!I:I,MATCH(B27,Base!A:A,0)),"Nome do Cliente")} -> Vinicius Milhan Hipolito | D27: {=IFERROR(INDEX(Base!G:G,MATCH(B27,Base!A:A,0)),"Modelo da Cond.")} -> AC024DN4DKG/AZ | E27: {=IFERROR(INDEX(Base!H:H,MATCH(B27,Base!A:A,0)),"N° Serial")} -> 030FPXAXA00141N | F27: =INT(TODAY() - DATE(RIGHT(A27,4), LEFT(A27,2), MID(A27,4,2))) -> 74 | G27: Não | H27: TRUE | I27: 46078 | J27: Sim | K27: Sim, em estoque | L27: TRUE | M27: 46127 | N27: TRUE | O27: Não | Q27: Não iniciado | R27: Não iniciado | V27: 1° Visita - Henrique
A28: =IFERROR(__xludf.DUMMYFUNCTION("IFERROR(TO_TEXT(INDEX(Base!E:E, MATCH(B28, Base!A:A, 0))), ""mm.dd.yyyy"") "),"02.04.2026") -> 02.04.2026 | B28: 4175091770 | C28: {=IFERROR(INDEX(Base!I:I,MATCH(B28,Base!A:A,0)),"Nome do Cliente")} -> Guilerme de Souza Aranha Moreira | D28: {=IFERROR(INDEX(Base!G:G,MATCH(B28,Base!A:A,0)),"Modelo da Cond.")} -> AM100KXMDFH/TC | E28: {=IFERROR(INDEX(Base!H:H,MATCH(B28,Base!A:A,0)),"N° Serial")} -> 0FHMPAOX700006V | F28: =INT(TODAY() - DATE(RIGHT(A28,4), LEFT(A28,2), MID(A28,4,2))) -> 74 | G28: Sim, em estoque | H28: TRUE | I28: 46064 | J28: Não | K28: Não | L28: FALSE | N28: FALSE | O28: Sim | Q28: Realizado, não lançado | R28: Realizado, não lançado | V28: Reparo realizado pelo kaynã em 11/02/26
A29: =IFERROR(__xludf.DUMMYFUNCTION("IFERROR(TO_TEXT(INDEX(Base!E:E, MATCH(B29, Base!A:A, 0))), ""mm.dd.yyyy"") "),"02.05.2026") -> 02.05.2026 | B29: 4175100540 | C29: {=IFERROR(INDEX(Base!I:I,MATCH(B29,Base!A:A,0)),"Nome do Cliente")} -> FERNANDO A VASCONCELLOS | D29: {=IFERROR(INDEX(Base!G:G,MATCH(B29,Base!A:A,0)),"Modelo da Cond.")} -> AJ050AXJ2KH/AZ | E29: {=IFERROR(INDEX(Base!H:H,MATCH(B29,Base!A:A,0)),"N° Serial")} -> 02TGPXBRA00159M | F29: =INT(TODAY() - DATE(RIGHT(A29,4), LEFT(A29,2), MID(A29,4,2))) -> 73 | G29: Não | H29: TRUE | I29: 46086 | J29: Não | K29: Não | L29: FALSE | N29: TRUE | O29: Sim | P29: Sim | Q29: Realizado e lançado | R29: Realizado e lançado | V29: Henrique, aguardando email de aprovação
A30: =IFERROR(__xludf.DUMMYFUNCTION("IFERROR(TO_TEXT(INDEX(Base!E:E, MATCH(B30, Base!A:A, 0))), ""mm.dd.yyyy"") "),"02.09.2026") -> 02.09.2026 | B30: 4175126082 | C30: {=IFERROR(INDEX(Base!I:I,MATCH(B30,Base!A:A,0)),"Nome do Cliente")} -> JOEL ADRIANO DOS SANTOS | D30: {=IFERROR(INDEX(Base!G:G,MATCH(B30,Base!A:A,0)),"Modelo da Cond.")} -> AJ052TN1DKH/EA | E30: {=IFERROR(INDEX(Base!H:H,MATCH(B30,Base!A:A,0)),"N° Serial")} -> BLGDP3HX600112H | F30: =INT(TODAY() - DATE(RIGHT(A30,4), LEFT(A30,2), MID(A30,4,2))) -> 69 | G30: Sim, em estoque | H30: TRUE | I30: 46126 | J30: Não | K30: Não | L30: FALSE | N30: TRUE | O30: Sim | P30: Sim | Q30: Em execução | R30: Realizado, não lançado
A31: =IFERROR(__xludf.DUMMYFUNCTION("IFERROR(TO_TEXT(INDEX(Base!E:E, MATCH(B31, Base!A:A, 0))), ""mm.dd.yyyy"") "),"02.10.2026") -> 02.10.2026 | B31: 4175139235 | C31: {=IFERROR(INDEX(Base!I:I,MATCH(B31,Base!A:A,0)),"Nome do Cliente")} -> Vicente Balzano Neto | D31: {=IFERROR(INDEX(Base!G:G,MATCH(B31,Base!A:A,0)),"Modelo da Cond.")} -> AM220CXVAFH/AZ | E31: {=IFERROR(INDEX(Base!H:H,MATCH(B31,Base!A:A,0)),"N° Serial")} -> 0YP0PAOX900008Z | F31: =INT(TODAY() - DATE(RIGHT(A31,4), LEFT(A31,2), MID(A31,4,2))) -> 68 | G31: Não | H31: TRUE | I31: 46072 | J31: Não | K31: Não | L31: FALSE | N31: TRUE | O31: Sim | Q31: Realizado, não lançado | R31: Realizado, não lançado | U31: 1255231783 | V31: 1a. Visita César, problema de instalção
A32: =IFERROR(__xludf.DUMMYFUNCTION("IFERROR(TO_TEXT(INDEX(Base!E:E, MATCH(B32, Base!A:A, 0))), ""mm.dd.yyyy"") "),"02.11.2026") -> 02.11.2026 | B32: 4175145496 | C32: {=IFERROR(INDEX(Base!I:I,MATCH(B32,Base!A:A,0)),"Nome do Cliente")} -> ORPEC ENGENHARIA IND E COM LTDA | D32: {=IFERROR(INDEX(Base!G:G,MATCH(B32,Base!A:A,0)),"Modelo da Cond.")} -> AJ080AXJ4KH/AZ | E32: {=IFERROR(INDEX(Base!H:H,MATCH(B32,Base!A:A,0)),"N° Serial")} -> 02TMPXBXC00056P | F32: =INT(TODAY() - DATE(RIGHT(A32,4), LEFT(A32,2), MID(A32,4,2))) -> 67 | G32: Não | H32: TRUE | I32: 46087 | J32: Sim | K32: Sim, não solicitada | L32: TRUE | M32: 46108 | N32: FALSE | V32: Anderson - Solicitação de PÇ - Tem no estoque
A33: =IFERROR(__xludf.DUMMYFUNCTION("IFERROR(TO_TEXT(INDEX(Base!E:E, MATCH(B33, Base!A:A, 0))), ""mm.dd.yyyy"") "),"02.12.2026") -> 02.12.2026 | B33: 4175154735 | C33: {=IFERROR(INDEX(Base!I:I,MATCH(B33,Base!A:A,0)),"Nome do Cliente")} -> Jorge Pereira | D33: {=IFERROR(INDEX(Base!G:G,MATCH(B33,Base!A:A,0)),"Modelo da Cond.")} -> AJ050ANAPKH2AZ | E33: {=IFERROR(INDEX(Base!H:H,MATCH(B33,Base!A:A,0)),"N° Serial")} -> 0323PXCX500031P | F33: =INT(TODAY() - DATE(RIGHT(A33,4), LEFT(A33,2), MID(A33,4,2))) -> 66 | G33: Sim, em estoque | H33: TRUE | I33: 46125 | J33: Não | K33: Não | L33: FALSE | N33: TRUE | O33: Sim | P33: Sim | Q33: Em execução | R33: Não iniciado
A34: =IFERROR(__xludf.DUMMYFUNCTION("IFERROR(TO_TEXT(INDEX(Base!E:E, MATCH(B34, Base!A:A, 0))), ""mm.dd.yyyy"") "),"02.12.2026") -> 02.12.2026 | B34: 4175154947 | C34: {=IFERROR(INDEX(Base!I:I,MATCH(B34,Base!A:A,0)),"Nome do Cliente")} -> ALEXANDRE HENRIQUE JUNG | D34: {=IFERROR(INDEX(Base!G:G,MATCH(B34,Base!A:A,0)),"Modelo da Cond.")} -> AC018DN1DKG/AZ | E34: {=IFERROR(INDEX(Base!H:H,MATCH(B34,Base!A:A,0)),"N° Serial")} -> 0309PXAXA00381Y | F34: =INT(TODAY() - DATE(RIGHT(A34,4), LEFT(A34,2), MID(A34,4,2))) -> 66 | G34: Sim, em estoque | H34: TRUE | I34: 46085 | J34: Não | K34: Não | L34: FALSE | N34: TRUE | O34: Sim | Q34: Realizado e lançado | R34: Realizado e lançado | V34: Henrique, fechar OS sem SAW pois não tem nenhuma evidencia
A35: =IFERROR(__xludf.DUMMYFUNCTION("IFERROR(TO_TEXT(INDEX(Base!E:E, MATCH(B35, Base!A:A, 0))), ""mm.dd.yyyy"") "),"02.12.2026") -> 02.12.2026 | B35: 4175157549 | C35: {=IFERROR(INDEX(Base!I:I,MATCH(B35,Base!A:A,0)),"Nome do Cliente")} -> BRUNO LEONARDO FERREIRA | D35: {=IFERROR(INDEX(Base!G:G,MATCH(B35,Base!A:A,0)),"Modelo da Cond.")} -> AJ050AXJ2KH/AZ | E35: {=IFERROR(INDEX(Base!H:H,MATCH(B35,Base!A:A,0)),"N° Serial")} -> 02TGPXBX600298Y | F35: =INT(TODAY() - DATE(RIGHT(A35,4), LEFT(A35,2), MID(A35,4,2))) -> 66 | G35: Não | H35: FALSE | L35: FALSE | N35: FALSE
A36: =IFERROR(__xludf.DUMMYFUNCTION("IFERROR(TO_TEXT(INDEX(Base!E:E, MATCH(B36, Base!A:A, 0))), ""mm.dd.yyyy"") "),"02.13.2026") -> 02.13.2026 | B36: 4175163317 | C36: {=IFERROR(INDEX(Base!I:I,MATCH(B36,Base!A:A,0)),"Nome do Cliente")} -> AAC AR CONDICIONADO LTDA | D36: {=IFERROR(INDEX(Base!G:G,MATCH(B36,Base!A:A,0)),"Modelo da Cond.")} -> AJ025ANAPKH2AZ | E36: {=IFERROR(INDEX(Base!H:H,MATCH(B36,Base!A:A,0)),"N° Serial")} -> 0321PXCXA00875D | F36: =INT(TODAY() - DATE(RIGHT(A36,4), LEFT(A36,2), MID(A36,4,2))) -> 65 | G36: Sim, em estoque | H36: TRUE | I36: 46127 | J36: Não | K36: Não | L36: FALSE | N36: TRUE | O36: Sim | P36: Não | Q36: Em execução | R36: Realizado, não lançado
A37: =IFERROR(__xludf.DUMMYFUNCTION("IFERROR(TO_TEXT(INDEX(Base!E:E, MATCH(B37, Base!A:A, 0))), ""mm.dd.yyyy"") "),"02.19.2026") -> 02.19.2026 | B37: 4175199037 | C37: {=IFERROR(INDEX(Base!I:I,MATCH(B37,Base!A:A,0)),"Nome do Cliente")} -> NFT Treinamento e Saúde | D37: {=IFERROR(INDEX(Base!G:G,MATCH(B37,Base!A:A,0)),"Modelo da Cond.")} -> AM036TNVDKH/EU | E37: {=IFERROR(INDEX(Base!H:H,MATCH(B37,Base!A:A,0)),"N° Serial")} -> 0HG7PDCX800313A | F37: =INT(TODAY() - DATE(RIGHT(A37,4), LEFT(A37,2), MID(A37,4,2))) -> 59 | G37: Não | H37: TRUE | I37: 46083 | J37: Não | K37: Não | L37: FALSE | N37: TRUE | O37: Sim | Q37: Realizado, não lançado | R37: Realizado, não lançado | V37: Fausto
A38: =IFERROR(__xludf.DUMMYFUNCTION("IFERROR(TO_TEXT(INDEX(Base!E:E, MATCH(B38, Base!A:A, 0))), ""mm.dd.yyyy"") "),"02.19.2026") -> 02.19.2026 | B38: 4175199815 | C38: {=IFERROR(INDEX(Base!I:I,MATCH(B38,Base!A:A,0)),"Nome do Cliente")} -> Fabricio Passadore de Oliveir | D38: {=IFERROR(INDEX(Base!G:G,MATCH(B38,Base!A:A,0)),"Modelo da Cond.")} -> AJ068AXJ3KH/AZ | E38: {=IFERROR(INDEX(Base!H:H,MATCH(B38,Base!A:A,0)),"N° Serial")} -> 02TKPXBX800038K | F38: =INT(TODAY() - DATE(RIGHT(A38,4), LEFT(A38,2), MID(A38,4,2))) -> 59 | G38: Não | H38: TRUE | I38: 46097 | J38: Sim | K38: Sim, não solicitada | L38: FALSE | N38: FALSE | V38: Henrique - Visita Diagnóstica
A39: =IFERROR(__xludf.DUMMYFUNCTION("IFERROR(TO_TEXT(INDEX(Base!E:E, MATCH(B39, Base!A:A, 0))), ""mm.dd.yyyy"") "),"02.20.2026") -> 02.20.2026 | B39: 4175213137 | C39: {=IFERROR(INDEX(Base!I:I,MATCH(B39,Base!A:A,0)),"Nome do Cliente")} -> Wagner Oliveira | D39: {=IFERROR(INDEX(Base!G:G,MATCH(B39,Base!A:A,0)),"Modelo da Cond.")} -> AC048DXADKG/AZ | E39: {=IFERROR(INDEX(Base!H:H,MATCH(B39,Base!A:A,0)),"N° Serial")} -> 030YPXBY600011J | F39: =INT(TODAY() - DATE(RIGHT(A39,4), LEFT(A39,2), MID(A39,4,2))) -> 58 | G39: Não | H39: TRUE | I39: 46101 | J39: Sim | K39: Sim, solicitada | L39: FALSE | N39: FALSE
A40: =IFERROR(__xludf.DUMMYFUNCTION("IFERROR(TO_TEXT(INDEX(Base!E:E, MATCH(B40, Base!A:A, 0))), ""mm.dd.yyyy"") "),"02.20.2026") -> 02.20.2026 | B40: 4175209715 | C40: {=IFERROR(INDEX(Base!I:I,MATCH(B40,Base!A:A,0)),"Nome do Cliente")} -> Thales Cardoso | D40: {=IFERROR(INDEX(Base!G:G,MATCH(B40,Base!A:A,0)),"Modelo da Cond.")} -> AJ052DN1DKH2AZ | E40: {=IFERROR(INDEX(Base!H:H,MATCH(B40,Base!A:A,0)),"N° Serial")} -> M000 | F40: =INT(TODAY() - DATE(RIGHT(A40,4), LEFT(A40,2), MID(A40,4,2))) -> 58 | G40: Sim, em estoque | H40: FALSE | L40: FALSE | N40: FALSE
A41: =IFERROR(__xludf.DUMMYFUNCTION("IFERROR(TO_TEXT(INDEX(Base!E:E, MATCH(B41, Base!A:A, 0))), ""mm.dd.yyyy"") "),"02.23.2026") -> 02.23.2026 | B41: 4175226721 | C41: {=IFERROR(INDEX(Base!I:I,MATCH(B41,Base!A:A,0)),"Nome do Cliente")} -> MORAES ELETRONICOS E INFORM | D41: {=IFERROR(INDEX(Base!G:G,MATCH(B41,Base!A:A,0)),"Modelo da Cond.")} -> AM060TXMDKH/AZ | E41: {=IFERROR(INDEX(Base!H:H,MATCH(B41,Base!A:A,0)),"N° Serial")} -> 0V5TPAFX800053T | F41: =INT(TODAY() - DATE(RIGHT(A41,4), LEFT(A41,2), MID(A41,4,2))) -> 55 | G41: Não | H41: TRUE | I41: 46078 | J41: Não | K41: Não | L41: FALSE | N41: TRUE | O41: Sim | P41: Sim | Q41: Realizado, não lançado | R41: Realizado, não lançado | V41: Kaynã, aguardando email de aprovação
A42: =IFERROR(__xludf.DUMMYFUNCTION("IFERROR(TO_TEXT(INDEX(Base!E:E, MATCH(B42, Base!A:A, 0))), ""mm.dd.yyyy"") "),"02.23.2026") -> 02.23.2026 | B42: 4175226777 | C42: {=IFERROR(INDEX(Base!I:I,MATCH(B42,Base!A:A,0)),"Nome do Cliente")} -> Arnaldo Santos Trentin Morai | D42: {=IFERROR(INDEX(Base!G:G,MATCH(B42,Base!A:A,0)),"Modelo da Cond.")} -> AM024NN1DCH/AZ | E42: {=IFERROR(INDEX(Base!H:H,MATCH(B42,Base!A:A,0)),"N° Serial")} -> B9MRP3HTB00154P | F42: =INT(TODAY() - DATE(RIGHT(A42,4), LEFT(A42,2), MID(A42,4,2))) -> 55 | G42: Sim, não solicitada | H42: TRUE | I42: 46079 | J42: Não | K42: Não | L42: FALSE | N42: TRUE | O42: Sim | Q42: Realizado, não lançado | R42: Realizado, não lançado | V42: César
A43: =IFERROR(__xludf.DUMMYFUNCTION("IFERROR(TO_TEXT(INDEX(Base!E:E, MATCH(B43, Base!A:A, 0))), ""mm.dd.yyyy"") "),"02.26.2026") -> 02.26.2026 | B43: 4175253950 | C43: {=IFERROR(INDEX(Base!I:I,MATCH(B43,Base!A:A,0)),"Nome do Cliente")} -> MICHELLE DA SILVA CORREIA | D43: {=IFERROR(INDEX(Base!G:G,MATCH(B43,Base!A:A,0)),"Modelo da Cond.")} -> AJ100DXJ5KH/AZ | E43: {=IFERROR(INDEX(Base!H:H,MATCH(B43,Base!A:A,0)),"N° Serial")} -> 0344PXBY900096T | F43: =INT(TODAY() - DATE(RIGHT(A43,4), LEFT(A43,2), MID(A43,4,2))) -> 52 | G43: Não | H43: TRUE | I43: 46100 | J43: Não | K43: Não | L43: FALSE | N43: TRUE | O43: Sim | Q43: Realizado e lançado | R43: Realizado, não lançado | V43: Fausto finalizado
A44: =IFERROR(__xludf.DUMMYFUNCTION("IFERROR(TO_TEXT(INDEX(Base!E:E, MATCH(B44, Base!A:A, 0))), ""mm.dd.yyyy"") "),"02.26.2026") -> 02.26.2026 | B44: 4175256393 | C44: {=IFERROR(INDEX(Base!I:I,MATCH(B44,Base!A:A,0)),"Nome do Cliente")} -> A. V. N. Do Carmo Serviços LT | D44: {=IFERROR(INDEX(Base!G:G,MATCH(B44,Base!A:A,0)),"Modelo da Cond.")} -> AM260JXVAFH/AZ | E44: {=IFERROR(INDEX(Base!H:H,MATCH(B44,Base!A:A,0)),"N° Serial")} -> 0U9QPAOWB00011R | F44: =INT(TODAY() - DATE(RIGHT(A44,4), LEFT(A44,2), MID(A44,4,2))) -> 52 | G44: Não | H44: TRUE | I44: 46087 | J44: Sim | K44: Sim, em estoque | L44: TRUE | M44: 46135 | N44: FALSE
A45: =IFERROR(__xludf.DUMMYFUNCTION("IFERROR(TO_TEXT(INDEX(Base!E:E, MATCH(B45, Base!A:A, 0))), ""mm.dd.yyyy"") "),"02.26.2026") -> 02.26.2026 | B45: 4175256983 | C45: {=IFERROR(INDEX(Base!I:I,MATCH(B45,Base!A:A,0)),"Nome do Cliente")} -> JESSIKA MARIA TERRA | D45: {=IFERROR(INDEX(Base!G:G,MATCH(B45,Base!A:A,0)),"Modelo da Cond.")} -> AJ035ANAPKH/AZ | E45: {=IFERROR(INDEX(Base!H:H,MATCH(B45,Base!A:A,0)),"N° Serial")} -> 02TEPXCXA00087W | F45: =INT(TODAY() - DATE(RIGHT(A45,4), LEFT(A45,2), MID(A45,4,2))) -> 52 | G45: Não | H45: TRUE | I45: 46102 | J45: Não | K45: Não | L45: FALSE | N45: TRUE | O45: Sim | Q45: Realizado e lançado | R45: Realizado, não lançado
A46: =IFERROR(__xludf.DUMMYFUNCTION("IFERROR(TO_TEXT(INDEX(Base!E:E, MATCH(B46, Base!A:A, 0))), ""mm.dd.yyyy"") "),"03.03.2026") -> 03.03.2026 | B46: 4175282662 | C46: {=IFERROR(INDEX(Base!I:I,MATCH(B46,Base!A:A,0)),"Nome do Cliente")} -> FLAVIA PARDO DE ANDRADE... | D46: {=IFERROR(INDEX(Base!G:G,MATCH(B46,Base!A:A,0)),"Modelo da Cond.")} -> AM024NN1DCH/AZ | E46: {=IFERROR(INDEX(Base!H:H,MATCH(B46,Base!A:A,0)),"N° Serial")} -> M000 | F46: =INT(TODAY() - DATE(RIGHT(A46,4), LEFT(A46,2), MID(A46,4,2))) -> 47 | G46: Sim, em estoque | H46: TRUE | I46: 46087 | J46: Sim | K46: Não | L46: FALSE | N46: FALSE | V46: Anderson
A47: =IFERROR(__xludf.DUMMYFUNCTION("IFERROR(TO_TEXT(INDEX(Base!E:E, MATCH(B47, Base!A:A, 0))), ""mm.dd.yyyy"") "),"03.03.2026") -> 03.03.2026 | B47: 4175285222 | C47: {=IFERROR(INDEX(Base!I:I,MATCH(B47,Base!A:A,0)),"Nome do Cliente")} -> Adriano Da Silva Moura | D47: {=IFERROR(INDEX(Base!G:G,MATCH(B47,Base!A:A,0)),"Modelo da Cond.")} -> AJ050ANAPKH2AZ | E47: {=IFERROR(INDEX(Base!H:H,MATCH(B47,Base!A:A,0)),"N° Serial")} -> 0323PXCXC00327D | F47: =INT(TODAY() - DATE(RIGHT(A47,4), LEFT(A47,2), MID(A47,4,2))) -> 47 | G47: Sim, não solicitada | H47: FALSE | L47: FALSE | N47: FALSE
A48: =IFERROR(__xludf.DUMMYFUNCTION("IFERROR(TO_TEXT(INDEX(Base!E:E, MATCH(B48, Base!A:A, 0))), ""mm.dd.yyyy"") "),"03.03.2026") -> 03.03.2026 | B48: 4175285321 | C48: {=IFERROR(INDEX(Base!I:I,MATCH(B48,Base!A:A,0)),"Nome do Cliente")} -> GABRIELA TIMICH | D48: {=IFERROR(INDEX(Base!G:G,MATCH(B48,Base!A:A,0)),"Modelo da Cond.")} -> AJ035ANAPKH/AZ | E48: {=IFERROR(INDEX(Base!H:H,MATCH(B48,Base!A:A,0)),"N° Serial")} -> 02TEPXAX200408N | F48: =INT(TODAY() - DATE(RIGHT(A48,4), LEFT(A48,2), MID(A48,4,2))) -> 47 | G48: Sim, não solicitada | H48: FALSE | L48: FALSE | N48: FALSE
A49: =IFERROR(__xludf.DUMMYFUNCTION("IFERROR(TO_TEXT(INDEX(Base!E:E, MATCH(B49, Base!A:A, 0))), ""mm.dd.yyyy"") "),"03.05.2026") -> 03.05.2026 | B49: 4175306888 | C49: {=IFERROR(INDEX(Base!I:I,MATCH(B49,Base!A:A,0)),"Nome do Cliente")} -> LORENA VISENTAINER | D49: {=IFERROR(INDEX(Base!G:G,MATCH(B49,Base!A:A,0)),"Modelo da Cond.")} -> AC048DXADKG/AZ | E49: {=IFERROR(INDEX(Base!H:H,MATCH(B49,Base!A:A,0)),"N° Serial")} -> 030YPXBY600192V | F49: =INT(TODAY() - DATE(RIGHT(A49,4), LEFT(A49,2), MID(A49,4,2))) -> 45 | G49: Sim, em estoque | H49: FALSE | L49: FALSE | N49: FALSE
A50: =IFERROR(__xludf.DUMMYFUNCTION("IFERROR(TO_TEXT(INDEX(Base!E:E, MATCH(B50, Base!A:A, 0))), ""mm.dd.yyyy"") "),"03.03.2026") -> 03.03.2026 | B50: 4175285535 | C50: {=IFERROR(INDEX(Base!I:I,MATCH(B50,Base!A:A,0)),"Nome do Cliente")} -> ANGELITA PRISCILA MARQUES | D50: {=IFERROR(INDEX(Base!G:G,MATCH(B50,Base!A:A,0)),"Modelo da Cond.")} -> AJ080AXJ4KH/AZ | E50: {=IFERROR(INDEX(Base!H:H,MATCH(B50,Base!A:A,0)),"N° Serial")} -> 02TMPXBX900360H | F50: =INT(TODAY() - DATE(RIGHT(A50,4), LEFT(A50,2), MID(A50,4,2))) -> 47 | G50: Não | H50: FALSE | L50: FALSE | N50: FALSE
A51: =IFERROR(__xludf.DUMMYFUNCTION("IFERROR(TO_TEXT(INDEX(Base!E:E, MATCH(B51, Base!A:A, 0))), ""mm.dd.yyyy"") "),"03.03.2026") -> 03.03.2026 | B51: 4175285585 | C51: {=IFERROR(INDEX(Base!I:I,MATCH(B51,Base!A:A,0)),"Nome do Cliente")} -> MARISTELA CALDERARI | D51: {=IFERROR(INDEX(Base!G:G,MATCH(B51,Base!A:A,0)),"Modelo da Cond.")} -> AC036DXADKG/AZ | E51: {=IFERROR(INDEX(Base!H:H,MATCH(B51,Base!A:A,0)),"N° Serial")} -> 030RPXBXA00040H | F51: =INT(TODAY() - DATE(RIGHT(A51,4), LEFT(A51,2), MID(A51,4,2))) -> 47 | G51: Não | H51: FALSE | L51: FALSE | N51: FALSE
A52: =IFERROR(__xludf.DUMMYFUNCTION("IFERROR(TO_TEXT(INDEX(Base!E:E, MATCH(B52, Base!A:A, 0))), ""mm.dd.yyyy"") "),"03.03.2026") -> 03.03.2026 | B52: 4175285640 | C52: {=IFERROR(INDEX(Base!I:I,MATCH(B52,Base!A:A,0)),"Nome do Cliente")} -> MICHELLE TAWIL ZEIN | D52: {=IFERROR(INDEX(Base!G:G,MATCH(B52,Base!A:A,0)),"Modelo da Cond.")} -> AJ050AXJ2KH/AZ | E52: {=IFERROR(INDEX(Base!H:H,MATCH(B52,Base!A:A,0)),"N° Serial")} -> 02TGPXBX600281Z | F52: =INT(TODAY() - DATE(RIGHT(A52,4), LEFT(A52,2), MID(A52,4,2))) -> 47 | G52: Não | H52: TRUE | I52: 46098 | J52: Sim | K52: Sim, não solicitada | L52: TRUE | M52: 46127 | N52: FALSE | V52: Precisará voltar para pressurizar. Se não encontrar o vazamento, recolher para a oficina nécessario 3º visita com peça
A53: =IFERROR(__xludf.DUMMYFUNCTION("IFERROR(TO_TEXT(INDEX(Base!E:E, MATCH(B53, Base!A:A, 0))), ""mm.dd.yyyy"") "),"03.03.2026") -> 03.03.2026 | B53: 4175286024 | C53: {=IFERROR(INDEX(Base!I:I,MATCH(B53,Base!A:A,0)),"Nome do Cliente")} -> FERNANDA HENRIQUES | D53: {=IFERROR(INDEX(Base!G:G,MATCH(B53,Base!A:A,0)),"Modelo da Cond.")} -> AJ025ANAPKH/AZ | E53: {=IFERROR(INDEX(Base!H:H,MATCH(B53,Base!A:A,0)),"N° Serial")} -> 02TDPXCX400643B | F53: =INT(TODAY() - DATE(RIGHT(A53,4), LEFT(A53,2), MID(A53,4,2))) -> 47 | G53: Não | H53: TRUE | I53: 46107 | J53: Sim | K53: Sim, em estoque | L53: TRUE | M53: 46128 | N53: TRUE | O53: Sim | P53: Não | Q53: Em execução | R53: Não iniciado | V53: 1a. visita - Anderson
A54: =IFERROR(__xludf.DUMMYFUNCTION("IFERROR(TO_TEXT(INDEX(Base!E:E, MATCH(B54, Base!A:A, 0))), ""mm.dd.yyyy"") "),"03.03.2026") -> 03.03.2026 | B54: 4175286114 | C54: {=IFERROR(INDEX(Base!I:I,MATCH(B54,Base!A:A,0)),"Nome do Cliente")} -> Luiz Pannuti Carra | D54: {=IFERROR(INDEX(Base!G:G,MATCH(B54,Base!A:A,0)),"Modelo da Cond.")} -> AC018DN4DKG/AZ | E54: {=IFERROR(INDEX(Base!H:H,MATCH(B54,Base!A:A,0)),"N° Serial")} -> 030APXAXC00047B | F54: =INT(TODAY() - DATE(RIGHT(A54,4), LEFT(A54,2), MID(A54,4,2))) -> 47 | G54: Não | H54: FALSE | L54: FALSE | N54: FALSE
A55: =IFERROR(__xludf.DUMMYFUNCTION("IFERROR(TO_TEXT(INDEX(Base!E:E, MATCH(B55, Base!A:A, 0))), ""mm.dd.yyyy"") "),"03.03.2026") -> 03.03.2026 | B55: 4175286182 | C55: {=IFERROR(INDEX(Base!I:I,MATCH(B55,Base!A:A,0)),"Nome do Cliente")} -> KELLI ANDREIA COBOSKI | D55: {=IFERROR(INDEX(Base!G:G,MATCH(B55,Base!A:A,0)),"Modelo da Cond.")} -> AJ080AXJ4KH/AZ | E55: {=IFERROR(INDEX(Base!H:H,MATCH(B55,Base!A:A,0)),"N° Serial")} -> 02TMPXBX600187T | F55: =INT(TODAY() - DATE(RIGHT(A55,4), LEFT(A55,2), MID(A55,4,2))) -> 47 | G55: Não | H55: TRUE | I55: 46100 | J55: Não | K55: Não | L55: FALSE | N55: TRUE | O55: Sim | P55: Sim | Q55: Realizado e lançado | R55: Não iniciado | V55: Necessario Void (problema de instalação)
A56: =IFERROR(__xludf.DUMMYFUNCTION("IFERROR(TO_TEXT(INDEX(Base!E:E, MATCH(B56, Base!A:A, 0))), ""mm.dd.yyyy"") "),"02.10.2026") -> 02.10.2026 | B56: 4175136738 | C56: {=IFERROR(INDEX(Base!I:I,MATCH(B56,Base!A:A,0)),"Nome do Cliente")} -> Paulo Corigliano | D56: {=IFERROR(INDEX(Base!G:G,MATCH(B56,Base!A:A,0)),"Modelo da Cond.")} -> AJ017NCJ2CH/AZ | E56: {=IFERROR(INDEX(Base!H:H,MATCH(B56,Base!A:A,0)),"N° Serial")} -> M000 | F56: =INT(TODAY() - DATE(RIGHT(A56,4), LEFT(A56,2), MID(A56,4,2))) -> 68 | G56: Não | H56: FALSE | L56: FALSE | N56: FALSE
A57: =IFERROR(__xludf.DUMMYFUNCTION("IFERROR(TO_TEXT(INDEX(Base!E:E, MATCH(B57, Base!A:A, 0))), ""mm.dd.yyyy"") "),"02.10.2026") -> 02.10.2026 | B57: 4175133973 | C57: {=IFERROR(INDEX(Base!I:I,MATCH(B57,Base!A:A,0)),"Nome do Cliente")} -> IVAN ANTONIO ARALDI | D57: {=IFERROR(INDEX(Base!G:G,MATCH(B57,Base!A:A,0)),"Modelo da Cond.")} -> AC036DN6DKG/AZ | E57: {=IFERROR(INDEX(Base!H:H,MATCH(B57,Base!A:A,0)),"N° Serial")} -> 030LPXAY600045E | F57: =INT(TODAY() - DATE(RIGHT(A57,4), LEFT(A57,2), MID(A57,4,2))) -> 68 | G57: Sim, em estoque | H57: TRUE | I57: 46098 | J57: Sim | K57: Não | L57: TRUE | M57: 46114 | N57: TRUE | O57: Sim | Q57: Realizado e lançado | R57: Não iniciado | V57: Fausto - Cliente finalizado
A58: =IFERROR(__xludf.DUMMYFUNCTION("IFERROR(TO_TEXT(INDEX(Base!E:E, MATCH(B58, Base!A:A, 0))), ""mm.dd.yyyy"") "),"02.10.2026") -> 02.10.2026 | B58: 4175138155 | C58: {=IFERROR(INDEX(Base!I:I,MATCH(B58,Base!A:A,0)),"Nome do Cliente")} -> EDSON DE ARAUJO CORREIA | D58: {=IFERROR(INDEX(Base!G:G,MATCH(B58,Base!A:A,0)),"Modelo da Cond.")} -> AJ025ANAPKH2AZ | E58: {=IFERROR(INDEX(Base!H:H,MATCH(B58,Base!A:A,0)),"N° Serial")} -> 0321PXCX800707J | F58: =INT(TODAY() - DATE(RIGHT(A58,4), LEFT(A58,2), MID(A58,4,2))) -> 68 | G58: Sim, em estoque | H58: TRUE | I58: 46136 | L58: FALSE | N58: FALSE
A59: =IFERROR(__xludf.DUMMYFUNCTION("IFERROR(TO_TEXT(INDEX(Base!E:E, MATCH(B59, Base!A:A, 0))), ""mm.dd.yyyy"") "),"02.11.2026") -> 02.11.2026 | B59: 4175143582 | C59: {=IFERROR(INDEX(Base!I:I,MATCH(B59,Base!A:A,0)),"Nome do Cliente")} -> Wu Yunan | D59: {=IFERROR(INDEX(Base!G:G,MATCH(B59,Base!A:A,0)),"Modelo da Cond.")} -> AJ025ANAPKH2AZ | E59: {=IFERROR(INDEX(Base!H:H,MATCH(B59,Base!A:A,0)),"N° Serial")} -> M000 | F59: =INT(TODAY() - DATE(RIGHT(A59,4), LEFT(A59,2), MID(A59,4,2))) -> 67 | G59: Não | H59: FALSE | L59: FALSE | N59: FALSE
A60: =IFERROR(__xludf.DUMMYFUNCTION("IFERROR(TO_TEXT(INDEX(Base!E:E, MATCH(B60, Base!A:A, 0))), ""mm.dd.yyyy"") "),"02.11.2026") -> 02.11.2026 | B60: 4175143887 | C60: {=IFERROR(INDEX(Base!I:I,MATCH(B60,Base!A:A,0)),"Nome do Cliente")} -> Vitorio Santana da Silva | D60: {=IFERROR(INDEX(Base!G:G,MATCH(B60,Base!A:A,0)),"Modelo da Cond.")} -> AJ025ANAPKH2AZ | E60: {=IFERROR(INDEX(Base!H:H,MATCH(B60,Base!A:A,0)),"N° Serial")} -> M000 | F60: =INT(TODAY() - DATE(RIGHT(A60,4), LEFT(A60,2), MID(A60,4,2))) -> 67 | G60: Não | H60: FALSE | L60: FALSE | N60: FALSE
A61: =IFERROR(__xludf.DUMMYFUNCTION("IFERROR(TO_TEXT(INDEX(Base!E:E, MATCH(B61, Base!A:A, 0))), ""mm.dd.yyyy"") "),"02.11.2026") -> 02.11.2026 | B61: 4175146382 | C61: {=IFERROR(INDEX(Base!I:I,MATCH(B61,Base!A:A,0)),"Nome do Cliente")} -> Lucas Souza de Araújo | D61: {=IFERROR(INDEX(Base!G:G,MATCH(B61,Base!A:A,0)),"Modelo da Cond.")} -> AJ035ANAPKH2AZ | E61: {=IFERROR(INDEX(Base!H:H,MATCH(B61,Base!A:A,0)),"N° Serial")} -> M000 | F61: =INT(TODAY() - DATE(RIGHT(A61,4), LEFT(A61,2), MID(A61,4,2))) -> 67 | G61: Não | H61: FALSE | L61: FALSE | N61: FALSE
A62: =IFERROR(__xludf.DUMMYFUNCTION("IFERROR(TO_TEXT(INDEX(Base!E:E, MATCH(B62, Base!A:A, 0))), ""mm.dd.yyyy"") "),"02.11.2026") -> 02.11.2026 | B62: 4175147361 | C62: {=IFERROR(INDEX(Base!I:I,MATCH(B62,Base!A:A,0)),"Nome do Cliente")} -> LUIZ RICARDO MALHEIROS | D62: {=IFERROR(INDEX(Base!G:G,MATCH(B62,Base!A:A,0)),"Modelo da Cond.")} -> AC036DN6DKG/AZ | E62: {=IFERROR(INDEX(Base!H:H,MATCH(B62,Base!A:A,0)),"N° Serial")} -> M000 | F62: =INT(TODAY() - DATE(RIGHT(A62,4), LEFT(A62,2), MID(A62,4,2))) -> 67 | G62: Não | H62: FALSE | L62: FALSE | N62: FALSE
A63: =IFERROR(__xludf.DUMMYFUNCTION("IFERROR(TO_TEXT(INDEX(Base!E:E, MATCH(B63, Base!A:A, 0))), ""mm.dd.yyyy"") "),"02.11.2026") -> 02.11.2026 | B63: 4175147646 | C63: {=IFERROR(INDEX(Base!I:I,MATCH(B63,Base!A:A,0)),"Nome do Cliente")} -> LUCAS CAMARGO PEREIRA LIMA | D63: {=IFERROR(INDEX(Base!G:G,MATCH(B63,Base!A:A,0)),"Modelo da Cond.")} -> AJ025ANAPKH/AZ | E63: {=IFERROR(INDEX(Base!H:H,MATCH(B63,Base!A:A,0)),"N° Serial")} -> M000 | F63: =INT(TODAY() - DATE(RIGHT(A63,4), LEFT(A63,2), MID(A63,4,2))) -> 67 | G63: Sim, não solicitada | H63: FALSE | L63: FALSE | N63: FALSE
A64: =IFERROR(__xludf.DUMMYFUNCTION("IFERROR(TO_TEXT(INDEX(Base!E:E, MATCH(B64, Base!A:A, 0))), ""mm.dd.yyyy"") "),"02.11.2026") -> 02.11.2026 | B64: 4175147701 | C64: {=IFERROR(INDEX(Base!I:I,MATCH(B64,Base!A:A,0)),"Nome do Cliente")} -> Ana carolina Rossetti | D64: {=IFERROR(INDEX(Base!G:G,MATCH(B64,Base!A:A,0)),"Modelo da Cond.")} -> AJ035ANAPKH/AZ | E64: {=IFERROR(INDEX(Base!H:H,MATCH(B64,Base!A:A,0)),"N° Serial")} -> M000 | F64: =INT(TODAY() - DATE(RIGHT(A64,4), LEFT(A64,2), MID(A64,4,2))) -> 67 | G64: Não | H64: FALSE | L64: FALSE | N64: FALSE
A65: =IFERROR(__xludf.DUMMYFUNCTION("IFERROR(TO_TEXT(INDEX(Base!E:E, MATCH(B65, Base!A:A, 0))), ""mm.dd.yyyy"") "),"02.11.2026") -> 02.11.2026 | B65: 4175147924 | C65: {=IFERROR(INDEX(Base!I:I,MATCH(B65,Base!A:A,0)),"Nome do Cliente")} -> RODRIGO FORTES | D65: {=IFERROR(INDEX(Base!G:G,MATCH(B65,Base!A:A,0)),"Modelo da Cond.")} -> AJ025ANAPKH2AZ | E65: {=IFERROR(INDEX(Base!H:H,MATCH(B65,Base!A:A,0)),"N° Serial")} -> M000 | F65: =INT(TODAY() - DATE(RIGHT(A65,4), LEFT(A65,2), MID(A65,4,2))) -> 67 | G65: Não | H65: FALSE | L65: FALSE | N65: FALSE
A66: =IFERROR(__xludf.DUMMYFUNCTION("IFERROR(TO_TEXT(INDEX(Base!E:E, MATCH(B66, Base!A:A, 0))), ""mm.dd.yyyy"") "),"02.11.2026") -> 02.11.2026 | B66: 4175149174 | C66: {=IFERROR(INDEX(Base!I:I,MATCH(B66,Base!A:A,0)),"Nome do Cliente")} -> Daniel Sampaio | D66: {=IFERROR(INDEX(Base!G:G,MATCH(B66,Base!A:A,0)),"Modelo da Cond.")} -> AJ052TN1DKH/EA | E66: {=IFERROR(INDEX(Base!H:H,MATCH(B66,Base!A:A,0)),"N° Serial")} -> M000 | F66: =INT(TODAY() - DATE(RIGHT(A66,4), LEFT(A66,2), MID(A66,4,2))) -> 67 | G66: Sim, não solicitada | H66: FALSE | L66: FALSE | N66: FALSE
A67: =IFERROR(__xludf.DUMMYFUNCTION("IFERROR(TO_TEXT(INDEX(Base!E:E, MATCH(B67, Base!A:A, 0))), ""mm.dd.yyyy"") "),"02.12.2026") -> 02.12.2026 | B67: 4175153991 | C67: {=IFERROR(INDEX(Base!I:I,MATCH(B67,Base!A:A,0)),"Nome do Cliente")} -> João Luis Gondim Rodrigue | D67: {=IFERROR(INDEX(Base!G:G,MATCH(B67,Base!A:A,0)),"Modelo da Cond.")} -> AC024DXADKG/AZ | E67: {=IFERROR(INDEX(Base!H:H,MATCH(B67,Base!A:A,0)),"N° Serial")} -> M000 | F67: =INT(TODAY() - DATE(RIGHT(A67,4), LEFT(A67,2), MID(A67,4,2))) -> 66 | G67: Sim, não solicitada | H67: FALSE | L67: FALSE | N67: FALSE
A68: =IFERROR(__xludf.DUMMYFUNCTION("IFERROR(TO_TEXT(INDEX(Base!E:E, MATCH(B68, Base!A:A, 0))), ""mm.dd.yyyy"") "),"02.12.2026") -> 02.12.2026 | B68: 4175154768 | C68: {=IFERROR(INDEX(Base!I:I,MATCH(B68,Base!A:A,0)),"Nome do Cliente")} -> LUCIMAR DOS SANTOS FERREIRA | D68: {=IFERROR(INDEX(Base!G:G,MATCH(B68,Base!A:A,0)),"Modelo da Cond.")} -> AJ050AXJ2KH/AZ | E68: {=IFERROR(INDEX(Base!H:H,MATCH(B68,Base!A:A,0)),"N° Serial")} -> M000 | F68: =INT(TODAY() - DATE(RIGHT(A68,4), LEFT(A68,2), MID(A68,4,2))) -> 66 | G68: Sim, não solicitada | H68: FALSE | L68: FALSE | N68: FALSE
A69: =IFERROR(__xludf.DUMMYFUNCTION("IFERROR(TO_TEXT(INDEX(Base!E:E, MATCH(B69, Base!A:A, 0))), ""mm.dd.yyyy"") "),"02.12.2026") -> 02.12.2026 | B69: 4175155699 | C69: {=IFERROR(INDEX(Base!I:I,MATCH(B69,Base!A:A,0)),"Nome do Cliente")} -> Roberta Marques | D69: {=IFERROR(INDEX(Base!G:G,MATCH(B69,Base!A:A,0)),"Modelo da Cond.")} -> AJ025ANAPKH/AZ | E69: {=IFERROR(INDEX(Base!H:H,MATCH(B69,Base!A:A,0)),"N° Serial")} -> M000 | F69: =INT(TODAY() - DATE(RIGHT(A69,4), LEFT(A69,2), MID(A69,4,2))) -> 66 | G69: Sim, em estoque | H69: FALSE | L69: FALSE | N69: FALSE
A70: =IFERROR(__xludf.DUMMYFUNCTION("IFERROR(TO_TEXT(INDEX(Base!E:E, MATCH(B70, Base!A:A, 0))), ""mm.dd.yyyy"") "),"02.12.2026") -> 02.12.2026 | B70: 4175156356 | C70: {=IFERROR(INDEX(Base!I:I,MATCH(B70,Base!A:A,0)),"Nome do Cliente")} -> JARBAS LONGARAY GONCALVES | D70: {=IFERROR(INDEX(Base!G:G,MATCH(B70,Base!A:A,0)),"Modelo da Cond.")} -> AJ068AXJ3KH/AZ | E70: {=IFERROR(INDEX(Base!H:H,MATCH(B70,Base!A:A,0)),"N° Serial")} -> M000 | F70: =INT(TODAY() - DATE(RIGHT(A70,4), LEFT(A70,2), MID(A70,4,2))) -> 66 | G70: Não | H70: TRUE | I70: 46104 | J70: Sim | K70: Não | L70: FALSE | N70: FALSE | V70: Peça na base para reparo
A71: =IFERROR(__xludf.DUMMYFUNCTION("IFERROR(TO_TEXT(INDEX(Base!E:E, MATCH(B71, Base!A:A, 0))), ""mm.dd.yyyy"") "),"02.26.2026") -> 02.26.2026 | B71: 4175255208 | C71: {=IFERROR(INDEX(Base!I:I,MATCH(B71,Base!A:A,0)),"Nome do Cliente")} -> JARBAS LONGARAY GONCALVES | D71: {=IFERROR(INDEX(Base!G:G,MATCH(B71,Base!A:A,0)),"Modelo da Cond.")} -> AJ068AXJ3KH/AZ | E71: {=IFERROR(INDEX(Base!H:H,MATCH(B71,Base!A:A,0)),"N° Serial")} -> M000 | F71: =INT(TODAY() - DATE(RIGHT(A71,4), LEFT(A71,2), MID(A71,4,2))) -> 52 | G71: Não | H71: TRUE | I71: 46104 | J71: Sim | L71: FALSE | N71: FALSE | V71: Equipamento está na base para teste
A72: =IFERROR(__xludf.DUMMYFUNCTION("IFERROR(TO_TEXT(INDEX(Base!E:E, MATCH(B72, Base!A:A, 0))), ""mm.dd.yyyy"") "),"02.12.2026") -> 02.12.2026 | B72: 4175157475 | C72: {=IFERROR(INDEX(Base!I:I,MATCH(B72,Base!A:A,0)),"Nome do Cliente")} -> Gustavo Goulart Lemos | D72: {=IFERROR(INDEX(Base!G:G,MATCH(B72,Base!A:A,0)),"Modelo da Cond.")} -> AC036TXADKC/AZ | E72: {=IFERROR(INDEX(Base!H:H,MATCH(B72,Base!A:A,0)),"N° Serial")} -> M000 | F72: =INT(TODAY() - DATE(RIGHT(A72,4), LEFT(A72,2), MID(A72,4,2))) -> 66 | G72: Não | H72: FALSE | L72: FALSE | N72: FALSE
A73: =IFERROR(__xludf.DUMMYFUNCTION("IFERROR(TO_TEXT(INDEX(Base!E:E, MATCH(B73, Base!A:A, 0))), ""mm.dd.yyyy"") "),"02.13.2026") -> 02.13.2026 | B73: 4175163059 | C73: {=IFERROR(INDEX(Base!I:I,MATCH(B73,Base!A:A,0)),"Nome do Cliente")} -> PEDRO ALEXANDRE | D73: {=IFERROR(INDEX(Base!G:G,MATCH(B73,Base!A:A,0)),"Modelo da Cond.")} -> AJ080AXJ4KH/AZ | E73: {=IFERROR(INDEX(Base!H:H,MATCH(B73,Base!A:A,0)),"N° Serial")} -> 02TMPXBR900178V | F73: =INT(TODAY() - DATE(RIGHT(A73,4), LEFT(A73,2), MID(A73,4,2))) -> 65 | G73: Não | H73: FALSE | L73: FALSE | N73: FALSE
A74: =IFERROR(__xludf.DUMMYFUNCTION("IFERROR(TO_TEXT(INDEX(Base!E:E, MATCH(B74, Base!A:A, 0))), ""mm.dd.yyyy"") "),"02.13.2026") -> 02.13.2026 | B74: 4175163984 | C74: {=IFERROR(INDEX(Base!I:I,MATCH(B74,Base!A:A,0)),"Nome do Cliente")} -> Luis Felipe Gradwol | D74: {=IFERROR(INDEX(Base!G:G,MATCH(B74,Base!A:A,0)),"Modelo da Cond.")} -> AJ025ANAPKH2AZ | E74: {=IFERROR(INDEX(Base!H:H,MATCH(B74,Base!A:A,0)),"N° Serial")} -> M000 | F74: =INT(TODAY() - DATE(RIGHT(A74,4), LEFT(A74,2), MID(A74,4,2))) -> 65 | G74: Sim, não solicitada | H74: FALSE | L74: FALSE | N74: FALSE
A75: =IFERROR(__xludf.DUMMYFUNCTION("IFERROR(TO_TEXT(INDEX(Base!E:E, MATCH(B75, Base!A:A, 0))), ""mm.dd.yyyy"") "),"02.13.2026") -> 02.13.2026 | B75: 4175166403 | C75: {=IFERROR(INDEX(Base!I:I,MATCH(B75,Base!A:A,0)),"Nome do Cliente")} -> Sérgio Lima | D75: {=IFERROR(INDEX(Base!G:G,MATCH(B75,Base!A:A,0)),"Modelo da Cond.")} -> AJ068AXJ3KH/AZ | E75: {=IFERROR(INDEX(Base!H:H,MATCH(B75,Base!A:A,0)),"N° Serial")} -> M000 | F75: =INT(TODAY() - DATE(RIGHT(A75,4), LEFT(A75,2), MID(A75,4,2))) -> 65 | G75: Não | H75: TRUE | I75: 46114 | J75: Não | K75: Não | L75: FALSE | N75: TRUE | O75: Sim | Q75: Realizado e lançado | R75: Não iniciado
A76: =IFERROR(__xludf.DUMMYFUNCTION("IFERROR(TO_TEXT(INDEX(Base!E:E, MATCH(B76, Base!A:A, 0))), ""mm.dd.yyyy"") "),"02.23.2026") -> 02.23.2026 | B76: 4175219421 | C76: {=IFERROR(INDEX(Base!I:I,MATCH(B76,Base!A:A,0)),"Nome do Cliente")} -> Jose Fernando Do Amaral Nunes Borg | D76: {=IFERROR(INDEX(Base!G:G,MATCH(B76,Base!A:A,0)),"Modelo da Cond.")} -> AJ050ANAPKHSAZ | E76: {=IFERROR(INDEX(Base!H:H,MATCH(B76,Base!A:A,0)),"N° Serial")} -> M000 | F76: =INT(TODAY() - DATE(RIGHT(A76,4), LEFT(A76,2), MID(A76,4,2))) -> 55 | G76: Não | H76: FALSE | L76: FALSE | N76: FALSE
A77: =IFERROR(__xludf.DUMMYFUNCTION("IFERROR(TO_TEXT(INDEX(Base!E:E, MATCH(B77, Base!A:A, 0))), ""mm.dd.yyyy"") "),"02.24.2026") -> 02.24.2026 | B77: 4175233047 | C77: {=IFERROR(INDEX(Base!I:I,MATCH(B77,Base!A:A,0)),"Nome do Cliente")} -> Vinicius Moraes gomes | D77: {=IFERROR(INDEX(Base!G:G,MATCH(B77,Base!A:A,0)),"Modelo da Cond.")} -> AC048DXADKG/AZ | E77: {=IFERROR(INDEX(Base!H:H,MATCH(B77,Base!A:A,0)),"N° Serial")} -> 030YPXBY800078H | F77: =INT(TODAY() - DATE(RIGHT(A77,4), LEFT(A77,2), MID(A77,4,2))) -> 54 | G77: Não | H77: TRUE | I77: 46111 | J77: Não | K77: Não | L77: FALSE | N77: TRUE | O77: Sim | P77: Sim | Q77: Realizado e lançado | R77: Não iniciado | V77: Garantia negada - Kaynã
A78: =IFERROR(__xludf.DUMMYFUNCTION("IFERROR(TO_TEXT(INDEX(Base!E:E, MATCH(B78, Base!A:A, 0))), ""mm.dd.yyyy"") "),"02.24.2026") -> 02.24.2026 | B78: 4175237236 | C78: {=IFERROR(INDEX(Base!I:I,MATCH(B78,Base!A:A,0)),"Nome do Cliente")} -> Lisiane Sguario | D78: {=IFERROR(INDEX(Base!G:G,MATCH(B78,Base!A:A,0)),"Modelo da Cond.")} -> AJ026TN1DKH/EA | E78: {=IFERROR(INDEX(Base!H:H,MATCH(B78,Base!A:A,0)),"N° Serial")} -> M000 | F78: =INT(TODAY() - DATE(RIGHT(A78,4), LEFT(A78,2), MID(A78,4,2))) -> 54 | G78: Não | H78: FALSE | L78: FALSE | N78: FALSE
A79: =IFERROR(__xludf.DUMMYFUNCTION("IFERROR(TO_TEXT(INDEX(Base!E:E, MATCH(B79, Base!A:A, 0))), ""mm.dd.yyyy"") "),"02.26.2026") -> 02.26.2026 | B79: 4175250535 | C79: {=IFERROR(INDEX(Base!I:I,MATCH(B79,Base!A:A,0)),"Nome do Cliente")} -> Mauro Ike | D79: {=IFERROR(INDEX(Base!G:G,MATCH(B79,Base!A:A,0)),"Modelo da Cond.")} -> AJ025ANAPKH2AZ | E79: {=IFERROR(INDEX(Base!H:H,MATCH(B79,Base!A:A,0)),"N° Serial")} -> M000 | F79: =INT(TODAY() - DATE(RIGHT(A79,4), LEFT(A79,2), MID(A79,4,2))) -> 52 | G79: Não | H79: FALSE | L79: FALSE | N79: FALSE
A80: =IFERROR(__xludf.DUMMYFUNCTION("IFERROR(TO_TEXT(INDEX(Base!E:E, MATCH(B80, Base!A:A, 0))), ""mm.dd.yyyy"") "),"02.26.2026") -> 02.26.2026 | B80: 4175255808 | C80: {=IFERROR(INDEX(Base!I:I,MATCH(B80,Base!A:A,0)),"Nome do Cliente")} -> Diego Parpinelli | D80: {=IFERROR(INDEX(Base!G:G,MATCH(B80,Base!A:A,0)),"Modelo da Cond.")} -> AJ050AXJ2KH/AZ | E80: {=IFERROR(INDEX(Base!H:H,MATCH(B80,Base!A:A,0)),"N° Serial")} -> 02TGPXBX200211R | F80: =INT(TODAY() - DATE(RIGHT(A80,4), LEFT(A80,2), MID(A80,4,2))) -> 52 | G80: Não | H80: FALSE | L80: FALSE | N80: FALSE
A81: =IFERROR(__xludf.DUMMYFUNCTION("IFERROR(TO_TEXT(INDEX(Base!E:E, MATCH(B81, Base!A:A, 0))), ""mm.dd.yyyy"") "),"03.04.2026") -> 03.04.2026 | B81: 4175295259 | C81: {=IFERROR(INDEX(Base!I:I,MATCH(B81,Base!A:A,0)),"Nome do Cliente")} -> Fabiane F. Cauneto | D81: {=IFERROR(INDEX(Base!G:G,MATCH(B81,Base!A:A,0)),"Modelo da Cond.")} -> AJ100AXJ5KH/AZ | E81: {=IFERROR(INDEX(Base!H:H,MATCH(B81,Base!A:A,0)),"N° Serial")} -> BLK6P3CX300023L | F81: =INT(TODAY() - DATE(RIGHT(A81,4), LEFT(A81,2), MID(A81,4,2))) -> 46 | G81: Não | H81: TRUE | I81: 46125 | L81: FALSE | N81: FALSE
A82: =IFERROR(__xludf.DUMMYFUNCTION("IFERROR(TO_TEXT(INDEX(Base!E:E, MATCH(B82, Base!A:A, 0))), ""mm.dd.yyyy"") "),"03.04.2026") -> 03.04.2026 | B82: 4175295815 | C82: {=IFERROR(INDEX(Base!I:I,MATCH(B82,Base!A:A,0)),"Nome do Cliente")} -> Fabiane F. Cauneto | D82: {=IFERROR(INDEX(Base!G:G,MATCH(B82,Base!A:A,0)),"Modelo da Cond.")} -> AJ100AXJ5KH/AZ | E82: {=IFERROR(INDEX(Base!H:H,MATCH(B82,Base!A:A,0)),"N° Serial")} -> BLK6P3CWC00059V | F82: =INT(TODAY() - DATE(RIGHT(A82,4), LEFT(A82,2), MID(A82,4,2))) -> 46 | G82: Não | H82: TRUE | I82: 46125 | L82: FALSE | N82: FALSE
A83: =IFERROR(__xludf.DUMMYFUNCTION("IFERROR(TO_TEXT(INDEX(Base!E:E, MATCH(B83, Base!A:A, 0))), ""mm.dd.yyyy"") "),"03.04.2026") -> 03.04.2026 | B83: 4175296585 | C83: {=IFERROR(INDEX(Base!I:I,MATCH(B83,Base!A:A,0)),"Nome do Cliente")} -> Tania Popow Evangelista | D83: {=IFERROR(INDEX(Base!G:G,MATCH(B83,Base!A:A,0)),"Modelo da Cond.")} -> AC024DN1DKG/AZ | E83: {=IFERROR(INDEX(Base!H:H,MATCH(B83,Base!A:A,0)),"N° Serial")} -> 030EPXAY600061E | F83: =INT(TODAY() - DATE(RIGHT(A83,4), LEFT(A83,2), MID(A83,4,2))) -> 46 | G83: Não | H83: FALSE | L83: FALSE | N83: FALSE
A84: =IFERROR(__xludf.DUMMYFUNCTION("IFERROR(TO_TEXT(INDEX(Base!E:E, MATCH(B84, Base!A:A, 0))), ""mm.dd.yyyy"") "),"03.05.2026") -> 03.05.2026 | B84: 4175303528 | C84: {=IFERROR(INDEX(Base!I:I,MATCH(B84,Base!A:A,0)),"Nome do Cliente")} -> MARIA DE FATIMA GIRARD REI | D84: {=IFERROR(INDEX(Base!G:G,MATCH(B84,Base!A:A,0)),"Modelo da Cond.")} -> AJ100AXJ5KH/AZ | E84: {=IFERROR(INDEX(Base!H:H,MATCH(B84,Base!A:A,0)),"N° Serial")} -> M000 | F84: =INT(TODAY() - DATE(RIGHT(A84,4), LEFT(A84,2), MID(A84,4,2))) -> 45 | G84: Não | H84: TRUE | I84: 46105 | J84: Não | K84: Não | L84: FALSE | N84: TRUE | O84: Sim | P84: Sim | Q84: Realizado e lançado | R84: Não iniciado | V84: Não foi nescessario reparo. Maquina funcionando perfeitamente.
A85: =IFERROR(__xludf.DUMMYFUNCTION("IFERROR(TO_TEXT(INDEX(Base!E:E, MATCH(B85, Base!A:A, 0))), ""mm.dd.yyyy"") "),"03.05.2026") -> 03.05.2026 | B85: 4175303631 | C85: {=IFERROR(INDEX(Base!I:I,MATCH(B85,Base!A:A,0)),"Nome do Cliente")} -> Joyce Pereira Santos | D85: {=IFERROR(INDEX(Base!G:G,MATCH(B85,Base!A:A,0)),"Modelo da Cond.")} -> AJ050ANAPKH2AZ | E85: {=IFERROR(INDEX(Base!H:H,MATCH(B85,Base!A:A,0)),"N° Serial")} -> M000 | F85: =INT(TODAY() - DATE(RIGHT(A85,4), LEFT(A85,2), MID(A85,4,2))) -> 45 | G85: Não | H85: FALSE | L85: FALSE | N85: FALSE
A86: =IFERROR(__xludf.DUMMYFUNCTION("IFERROR(TO_TEXT(INDEX(Base!E:E, MATCH(B86, Base!A:A, 0))), ""mm.dd.yyyy"") "),"03.05.2026") -> 03.05.2026 | B86: 4175304244 | C86: {=IFERROR(INDEX(Base!I:I,MATCH(B86,Base!A:A,0)),"Nome do Cliente")} -> VICENTE DE PAULA CRUZ | D86: {=IFERROR(INDEX(Base!G:G,MATCH(B86,Base!A:A,0)),"Modelo da Cond.")} -> MXD-A40K100E | E86: {=IFERROR(INDEX(Base!H:H,MATCH(B86,Base!A:A,0)),"N° Serial")} -> M000 | F86: =INT(TODAY() - DATE(RIGHT(A86,4), LEFT(A86,2), MID(A86,4,2))) -> 45 | G86: Sim, não solicitada | H86: FALSE | L86: FALSE | N86: FALSE
A87: =IFERROR(__xludf.DUMMYFUNCTION("IFERROR(TO_TEXT(INDEX(Base!E:E, MATCH(B87, Base!A:A, 0))), ""mm.dd.yyyy"") "),"03.05.2026") -> 03.05.2026 | B87: 4175305399 | C87: {=IFERROR(INDEX(Base!I:I,MATCH(B87,Base!A:A,0)),"Nome do Cliente")} -> Israel Valentim Alves | D87: {=IFERROR(INDEX(Base!G:G,MATCH(B87,Base!A:A,0)),"Modelo da Cond.")} -> AJ080AXJ4KH/AZ | E87: {=IFERROR(INDEX(Base!H:H,MATCH(B87,Base!A:A,0)),"N° Serial")} -> M000 | F87: =INT(TODAY() - DATE(RIGHT(A87,4), LEFT(A87,2), MID(A87,4,2))) -> 45 | G87: Não | H87: FALSE | L87: FALSE | N87: FALSE
A88: =IFERROR(__xludf.DUMMYFUNCTION("IFERROR(TO_TEXT(INDEX(Base!E:E, MATCH(B88, Base!A:A, 0))), ""mm.dd.yyyy"") "),"03.05.2026") -> 03.05.2026 | B88: 4175306414 | C88: {=IFERROR(INDEX(Base!I:I,MATCH(B88,Base!A:A,0)),"Nome do Cliente")} -> Andressa Gildin | D88: {=IFERROR(INDEX(Base!G:G,MATCH(B88,Base!A:A,0)),"Modelo da Cond.")} -> AJ052TNNDKH/EA | E88: {=IFERROR(INDEX(Base!H:H,MATCH(B88,Base!A:A,0)),"N° Serial")} -> 0V4APAGXC00005R | F88: =INT(TODAY() - DATE(RIGHT(A88,4), LEFT(A88,2), MID(A88,4,2))) -> 45 | G88: Não | H88: TRUE | I88: 46118 | J88: Não | K88: Não | L88: FALSE | N88: TRUE | O88: Sim | Q88: Realizado e lançado | R88: Não iniciado
A89: =IFERROR(__xludf.DUMMYFUNCTION("IFERROR(TO_TEXT(INDEX(Base!E:E, MATCH(B89, Base!A:A, 0))), ""mm.dd.yyyy"") "),"03.05.2026") -> 03.05.2026 | B89: 4175306709 | C89: {=IFERROR(INDEX(Base!I:I,MATCH(B89,Base!A:A,0)),"Nome do Cliente")} -> Solange De Lima Gois | D89: {=IFERROR(INDEX(Base!G:G,MATCH(B89,Base!A:A,0)),"Modelo da Cond.")} -> AJ025ANAPKH2AZ | E89: {=IFERROR(INDEX(Base!H:H,MATCH(B89,Base!A:A,0)),"N° Serial")} -> 0321PXCX500215J | F89: =INT(TODAY() - DATE(RIGHT(A89,4), LEFT(A89,2), MID(A89,4,2))) -> 45 | G89: Não | H89: FALSE | L89: FALSE | N89: FALSE
A90: =IFERROR(__xludf.DUMMYFUNCTION("IFERROR(TO_TEXT(INDEX(Base!E:E, MATCH(B90, Base!A:A, 0))), ""mm.dd.yyyy"") "),"03.05.2026") -> 03.05.2026 | B90: 4175306797 | C90: {=IFERROR(INDEX(Base!I:I,MATCH(B90,Base!A:A,0)),"Nome do Cliente")} -> Rogerio Bezerra Salvaia | D90: {=IFERROR(INDEX(Base!G:G,MATCH(B90,Base!A:A,0)),"Modelo da Cond.")} -> AJ068AXJ3KH/AZ | E90: {=IFERROR(INDEX(Base!H:H,MATCH(B90,Base!A:A,0)),"N° Serial")} -> 02TKPXBY100137B | F90: =INT(TODAY() - DATE(RIGHT(A90,4), LEFT(A90,2), MID(A90,4,2))) -> 45 | G90: Não | H90: TRUE | I90: 46129 | J90: Sim | K90: Não | L90: FALSE | N90: FALSE | V90: Será necessário retorno para fazer vácuo e carga.
A91: =IFERROR(__xludf.DUMMYFUNCTION("IFERROR(TO_TEXT(INDEX(Base!E:E, MATCH(B91, Base!A:A, 0))), ""mm.dd.yyyy"") "),"03.06.2026") -> 03.06.2026 | B91: 4175310816 | C91: {=IFERROR(INDEX(Base!I:I,MATCH(B91,Base!A:A,0)),"Nome do Cliente")} -> Enzo Sarolli vilar | D91: {=IFERROR(INDEX(Base!G:G,MATCH(B91,Base!A:A,0)),"Modelo da Cond.")} -> AC018DXADKG/AZ | E91: {=IFERROR(INDEX(Base!H:H,MATCH(B91,Base!A:A,0)),"N° Serial")} -> 030DPXBY900054V | F91: =INT(TODAY() - DATE(RIGHT(A91,4), LEFT(A91,2), MID(A91,4,2))) -> 44 | G91: Não | H91: TRUE | I91: 46126 | J91: Sim | K91: Sim, não solicitada | L91: FALSE | N91: FALSE
A92: =IFERROR(__xludf.DUMMYFUNCTION("IFERROR(TO_TEXT(INDEX(Base!E:E, MATCH(B92, Base!A:A, 0))), ""mm.dd.yyyy"") "),"03.06.2026") -> 03.06.2026 | B92: 4175310924 | C92: {=IFERROR(INDEX(Base!I:I,MATCH(B92,Base!A:A,0)),"Nome do Cliente")} -> CONCEITO BRASIL ENGENHARIA LTDA | D92: {=IFERROR(INDEX(Base!G:G,MATCH(B92,Base!A:A,0)),"Modelo da Cond.")} -> AJ050AXJ2KH/AZ | E92: {=IFERROR(INDEX(Base!H:H,MATCH(B92,Base!A:A,0)),"N° Serial")} -> 02TGPXBY400239V | F92: =INT(TODAY() - DATE(RIGHT(A92,4), LEFT(A92,2), MID(A92,4,2))) -> 44 | G92: Sim, em estoque | H92: TRUE | I92: 46126 | J92: Não | K92: Não | L92: FALSE | N92: TRUE | O92: Sim | P92: Não | Q92: Em execução | R92: Não iniciado
A93: =IFERROR(__xludf.DUMMYFUNCTION("IFERROR(TO_TEXT(INDEX(Base!E:E, MATCH(B93, Base!A:A, 0))), ""mm.dd.yyyy"") "),"03.06.2026") -> 03.06.2026 | B93: 4175311294 | C93: {=IFERROR(INDEX(Base!I:I,MATCH(B93,Base!A:A,0)),"Nome do Cliente")} -> Eduardo Bortolotti Costa | D93: {=IFERROR(INDEX(Base!G:G,MATCH(B93,Base!A:A,0)),"Modelo da Cond.")} -> AC060DNCDKG/AZ | E93: {=IFERROR(INDEX(Base!H:H,MATCH(B93,Base!A:A,0)),"N° Serial")} -> 0311PXAX100106K | F93: =INT(TODAY() - DATE(RIGHT(A93,4), LEFT(A93,2), MID(A93,4,2))) -> 44 | G93: Não | H93: TRUE | I93: 46111 | J93: Sim | K93: Sim, em estoque | L93: FALSE | N93: FALSE
A94: =IFERROR(__xludf.DUMMYFUNCTION("IFERROR(TO_TEXT(INDEX(Base!E:E, MATCH(B94, Base!A:A, 0))), ""mm.dd.yyyy"") "),"03.06.2026") -> 03.06.2026 | B94: 4175312540 | C94: {=IFERROR(INDEX(Base!I:I,MATCH(B94,Base!A:A,0)),"Nome do Cliente")} -> Andre Ingnez | D94: {=IFERROR(INDEX(Base!G:G,MATCH(B94,Base!A:A,0)),"Modelo da Cond.")} -> AJ052TN1DKH/EA | E94: {=IFERROR(INDEX(Base!H:H,MATCH(B94,Base!A:A,0)),"N° Serial")} -> BLGDP3HX700054P | F94: =INT(TODAY() - DATE(RIGHT(A94,4), LEFT(A94,2), MID(A94,4,2))) -> 44 | G94: Sim, em estoque | H94: TRUE | I94: 46106 | J94: Não | K94: Não | L94: FALSE | N94: TRUE | O94: Sim | Q94: Realizado e lançado | R94: Não iniciado | V94: Fausto finalizado
A95: =IFERROR(__xludf.DUMMYFUNCTION("IFERROR(TO_TEXT(INDEX(Base!E:E, MATCH(B95, Base!A:A, 0))), ""mm.dd.yyyy"") "),"03.06.2026") -> 03.06.2026 | B95: 4175314320 | C95: {=IFERROR(INDEX(Base!I:I,MATCH(B95,Base!A:A,0)),"Nome do Cliente")} -> FERNANDO DANTAS MANOEL | D95: {=IFERROR(INDEX(Base!G:G,MATCH(B95,Base!A:A,0)),"Modelo da Cond.")} -> AJ025ANAPKH2AZ | E95: {=IFERROR(INDEX(Base!H:H,MATCH(B95,Base!A:A,0)),"N° Serial")} -> 0321PXAX600180M | F95: =INT(TODAY() - DATE(RIGHT(A95,4), LEFT(A95,2), MID(A95,4,2))) -> 44 | G95: Sim, em estoque | H95: TRUE | I95: 46135 | L95: FALSE | N95: FALSE
A96: =IFERROR(__xludf.DUMMYFUNCTION("IFERROR(TO_TEXT(INDEX(Base!E:E, MATCH(B96, Base!A:A, 0))), ""mm.dd.yyyy"") "),"03.06.2026") -> 03.06.2026 | B96: 4175315062 | C96: {=IFERROR(INDEX(Base!I:I,MATCH(B96,Base!A:A,0)),"Nome do Cliente")} -> Adilson Peruchi | D96: {=IFERROR(INDEX(Base!G:G,MATCH(B96,Base!A:A,0)),"Modelo da Cond.")} -> AJ025ANAPKH/AZ | E96: {=IFERROR(INDEX(Base!H:H,MATCH(B96,Base!A:A,0)),"N° Serial")} -> 02TDPXCXC00192Y | F96: =INT(TODAY() - DATE(RIGHT(A96,4), LEFT(A96,2), MID(A96,4,2))) -> 44 | G96: Não | H96: FALSE | L96: FALSE | N96: FALSE
A97: =IFERROR(__xludf.DUMMYFUNCTION("IFERROR(TO_TEXT(INDEX(Base!E:E, MATCH(B97, Base!A:A, 0))), ""mm.dd.yyyy"") "),"03.09.2026") -> 03.09.2026 | B97: 4175327831 | C97: {=IFERROR(INDEX(Base!I:I,MATCH(B97,Base!A:A,0)),"Nome do Cliente")} -> Roberto Martino | D97: {=IFERROR(INDEX(Base!G:G,MATCH(B97,Base!A:A,0)),"Modelo da Cond.")} -> AC018DXADKG/AZ | E97: {=IFERROR(INDEX(Base!H:H,MATCH(B97,Base!A:A,0)),"N° Serial")} -> M000 | F97: =INT(TODAY() - DATE(RIGHT(A97,4), LEFT(A97,2), MID(A97,4,2))) -> 41 | G97: Não | H97: FALSE | L97: FALSE | N97: FALSE
A98: =IFERROR(__xludf.DUMMYFUNCTION("IFERROR(TO_TEXT(INDEX(Base!E:E, MATCH(B98, Base!A:A, 0))), ""mm.dd.yyyy"") "),"03.10.2026") -> 03.10.2026 | B98: 4175337909 | C98: {=IFERROR(INDEX(Base!I:I,MATCH(B98,Base!A:A,0)),"Nome do Cliente")} -> SOL PNEUS LTDA | D98: {=IFERROR(INDEX(Base!G:G,MATCH(B98,Base!A:A,0)),"Modelo da Cond.")} -> AJ080AXJ4KH/AZ | E98: {=IFERROR(INDEX(Base!H:H,MATCH(B98,Base!A:A,0)),"N° Serial")} -> 02TMPXBY100175V | F98: =INT(TODAY() - DATE(RIGHT(A98,4), LEFT(A98,2), MID(A98,4,2))) -> 40 | G98: Não | H98: TRUE | I98: 46105 | J98: Sim | K98: Sim, não solicitada | L98: FALSE | N98: FALSE
A99: =IFERROR(__xludf.DUMMYFUNCTION("IFERROR(TO_TEXT(INDEX(Base!E:E, MATCH(B99, Base!A:A, 0))), ""mm.dd.yyyy"") "),"03.09.2026") -> 03.09.2026 | B99: 4175327861 | C99: {=IFERROR(INDEX(Base!I:I,MATCH(B99,Base!A:A,0)),"Nome do Cliente")} -> OBRAS SOCIAIS NOSSA SENHORA | D99: {=IFERROR(INDEX(Base!G:G,MATCH(B99,Base!A:A,0)),"Modelo da Cond.")} -> AJ068ANAPKH2AZ | E99: {=IFERROR(INDEX(Base!H:H,MATCH(B99,Base!A:A,0)),"N° Serial")} -> M000 | F99: =INT(TODAY() - DATE(RIGHT(A99,4), LEFT(A99,2), MID(A99,4,2))) -> 41 | G99: Sim, não solicitada | H99: FALSE | L99: FALSE | N99: FALSE
A100: =IFERROR(__xludf.DUMMYFUNCTION("IFERROR(TO_TEXT(INDEX(Base!E:E, MATCH(B100, Base!A:A, 0))), ""mm.dd.yyyy"") "),"03.10.2026") -> 03.10.2026 | B100: 4175338569 | C100: {=IFERROR(INDEX(Base!I:I,MATCH(B100,Base!A:A,0)),"Nome do Cliente")} -> Marcos Walter Sessa Filho | D100: {=IFERROR(INDEX(Base!G:G,MATCH(B100,Base!A:A,0)),"Modelo da Cond.")} -> AJ035ANAPKH/AZ | E100: {=IFERROR(INDEX(Base!H:H,MATCH(B100,Base!A:A,0)),"N° Serial")} -> 02TEPXCYB00051N | F100: =INT(TODAY() - DATE(RIGHT(A100,4), LEFT(A100,2), MID(A100,4,2))) -> 40 | G100: Não | H100: TRUE | I100: 46118 | J100: Sim | K100: Sim, em estoque | L100: TRUE | M100: 46126 | N100: FALSE
...

Sheet OSs Fechadas
A1: OS's Fechadas | B1: Nome do Cliente | C1: Data da Finalização OS | D1: Observações
A2: 4172884876 | B2: RICARDO ALBUQUERQUE ARTIOLI | C2: 45853
A3: 4172884906 | B3: ROSEMAR MIGUEL MALDANER | C3: 45854
A4: 4172884973 | B4: DIOGO GAZZI TICLY | C4: 45854
A5: 4172885001 | B5: Paulo Sergio Resende Peixo | C5: 45854
A6: 4173088304 | B6: Bruno Isidoro | C6: 45854 | D6: Cancelada
A7: 4173219431 | B7: RICARDO ALVES FERREIRA DA SI | C7: 45854
A8: 4173520611 | B8: DOUGLAS BONI FITARELLI | C8: 45854 | D8: Cancelada
A9: 4173272060 | B9: Angelo Miyake | C9: 45855
A10: 4172804738 | B10: JEISON GOMES FOLEGOTI | C10: 45855 | D10: Cancelado
A11: 4172805028 | B11: Fabio Hayashi | C11: 45856 | D11: Cancelado
A12: 4173136299 | B12: Bruno Isidoro | C12: 45856 | D12: Cancelado
A13: 4173359954 | B13: Aenon Empreendimentos Imob | C13: 45859
A14: 4173081395 | B14: UMBERTO ANTONIO NESPOLI | C14: 45860
A15: 4173083936 | B15: Sociedade Empresária Limitada | C15: 45861
A16: 4173391807 | B16: ANA MARIA APARECIDA LEON | C16: 45863 | D16: Cancelado
A17: 4173447607 | B17: Vinicius Scalco | C17: 45863
A18: 4173447671 | B18: Vinicius Scalco | C18: 45863
A19: 4173447675 | B19: Vinicius Scalco | C19: 45863
A20: 4173203785 | B20: Vinicius Scalco | C20: 45863
A21: 4172694782 | B21: CARLOS EDUARDO FERNANDES CA | C21: 45863
A22: 4173081395 | B22: Umberto Antônio Nespoli | C22: 45863
A23: 4172704937 | B23: JONI BERTOLLO | C23: 45866
A24: 4173444329 | B24: OLUCOES EM CONSTRUCOES LTDA CUSTODIO | C24: 45867
A25: 4172803743 | B25: MARIANE SILVA DE ARRUDA | C25: 45867 | D25: Cancelado
A26: 4172885055 | B26: RICARDO GONCALVES COSTA COUT | C26: 45867 | D26: Cancelado
A27: 4173305871 | B27: Fabio Hayashi | C27: 45875
A28: 4173345049 | B28: JULIANO CLOVIS MONTEIRO | C28: 45875 | D28: Cancelado
A29: 4173601604 | B29: JOSÉ INÁCIO TURATTI | C29: 45875
A30: 4173196402 | B30: FLAVIO HENRIQUE DA SILVA | C30: 45875 | D30: Cancelado
A31: 4173539614 | B31: Wellington Assis Santos | C31: 45875 | D31: Cancelado
A32: 4173263998 | B32: DANIELA GRESPI SOARES DE MEL | C32: 45875
A33: 4173311249 | B33: BRUNA TAYLA CABRAL DE VASC | C33: 45875
A34: 4173338330 | B34: Odilon Lisboa Medeiros | C34: 45875
A35: 4173535771 | B35: Janderson Almeida da Silva | C35: 45875
A36: 4173475586 | B36: Dumas Botter Rodrigues Borba | C36: 45876
A37: 4173122638 | B37: CARLOS ALVES DE OLIVEIRA | C37: 45876
A38: 4173384107 | B38: MARIANI DAN TAUFNER | C38: 45877
A39: 4173332030 | B39: Faria Lima Shopee REC | C39: 45881
A40: 4173332113 | B40: Faria Lima Shopee REC | C40: 45881
A41: 4173332117 | B41: Faria Lima Shopee REC | C41: 45881
A42: 4173332155 | B42: Faria Lima Shopee REC | C42: 45881
A43: 4173332165 | B43: Faria Lima Shopee REC | C43: 45881
... A52: 4173510116 | B52: E-IT Technologies Co De Informática - LTD | C52: 45882
A53: 4173545529 | B53: Fabio Hayashi | C53: 45882 | D53: Cancelada
A54: 4173637358 | B54: Fabio Hayashi | C54: 45882
A55: 4173637086 | B55: JULIANO CLOVIS MONTEIRO | C55: 45882
A56: 4173503962 | B56: Maria Lucia de Oliveira Go | C56: 45883
A57: 4173561688 | B57: Maria Lucia de Oliveira Go | C57: 45883
A58: 4173561716 | B58: Maria Lucia de Oliveira Go | C58: 45883
A59: 4173488784 | B59: Daniel Takaoka | C59: 45883
A60: 4173290628 | B60: ALFREDO SAN MIGUEL CACERES | C60: 45883
A61: 4173517147 | B61: ARTHUR SANTINI MURIEL | C61: 45883
A62: 4173520712 | B62: BRUNO VENERE BONVENTI | C62: 45883
A63: 4173617275 | B63: JONI BERTOLLO | C63: 45883
A64: 4173601457 | B64: Paulo Lázaro Pereira | C64: 45883
A65: 4173681309 | B65: Saguia Administradora de Be | C65: 45883
... A125: 4173598178 | B125: Janaina Kusieluskus | C125: 45896
A126: 4173812069 | B126: MARIESI APARECIDA CARMEVALLI | C126: 45896 | D126: Cancelado
A127: 4173564273 | B127: SEMPRE ARCONDICIONADO LTDA | C127: 45897
A128: 4173657940 | B128: Guard Center Tecnologia Em | C128: 45902
A129: 4173475252 | B129: Priscila Der Hagobian Gomes | C129: 45903
A130: 4173236477 | B130: Piazza Centro de Atividades Físicas | C130: 45903
A131: 4173534217 | B131: Gabriel Donato Soares | C131: 45903
A132: 4173620900 | B132: LUIZ GUILHERME GOBBI MARC | C132: 45903
A133: 4173743732 | B133: Leandro Diniz Marques | C133: 45903
A134: 4173517403 | B134: Guilherme Vieira Rios Corral | C134: 45905
A135: 4173541468 | B135: Joao Victor Fernandes masalskas | C135: 45905
A136: 4173639848 | B136: Joao Victor Fernandes masalskas | C136: 45905
A137: 4173536933 | B137: GUSTAVO MAGALHAES DE CASTRO | C137: 45905
A138: 4173749814 | B138: Fabio Bergamo dos Santos K | C138: 45905
... A140: 4173800849 | B140: Lorena De Souza cordeiro | C140: 45908
A141: 4173923401 | B141: Renata Luiza Doimo | C141: 45908 | D141: Cancelada
A142: 4173514733 | B142: Phellipy Rosa Portela | C142: 45909
A143: 4173686979 | B143: Ewerton Alexsander Pinto | C143: 45909
A144: 4174015457 | B144: Felipe Pfisterer Soares Pereira | C144: 45916
A145: 4174047666 | B145: Thainá Oliveira | C145: 45923
A146: 4173626447 | B146: Thomaz Taner | C146: 45924
A147: 4173662112 | B147: Bruno Martorelli | C147: 45924
A148: 4173681013 | B148: Gran Paradiso Campos do Jordão SPE | C148: 45924
A149: 4173767221 | B149: Arcomp Ar Condicionado e Re | C149: 45924
A150: 4173820637 | B150: Raphael Negrão Santiago | C150: 45924
A151: 4173832161 | B151: QUIZ HOLDING LTDA | C151: 45925
A152: 4173884115 | B152: Aires henrique Schadeck de Almeida | C152: 45930
A153: 4173957539 | B153: Fernando Brumann | C153: 45931
... A160: 4173850949 | B160: OWL SISTEMA EDUACACIONAL LTDA | C160: 45932
A161: 4174140767 | C161: 45932
A162: 4173925181 | B162: DIOGO DORLAN DE SOUZA ANTU | C162: 45933
A163: 4173832033 | B163: QUIZ HOLDING LTDA | C163: 45936 | D163: cancelado
A164: 4174090503 | B164: BBS COMERCIO LTDA | C164: 45937 | D164: Troca de maquina
A165: 4173843789 | B165: Helio Xavier da Silva | C165: 45938
A166: 4173900996 | B166: Gustavo Dechechi inojossa | C166: 45938
A167: 4173923746 | B167: Luísa Navarro Nilo de Carv | C167: 45938
A168: 4173942318 | B168: Renata Moreira Dias | C168: 45938
A169: 4173942447 | B169: Renata Moreira Dias | C169: 45938
A170: 4174030501 | B170: JOSÉ VANDERLEI WEBER | C170: 45938
A171: 4173965734 | B171: MARIA EDUARDA MASCARENHAS | C171: 45939
A172: 4173850065 | B172: HENRIQUE DE CAMPOS DULLER | C172: 45952
A173: 4173923187 | B173: Jorge Luiz de Castro e Sil | C173: 45952
A174: 4173943486 | B174: MARCOS NIEHUES BOEING | C174: 45952
...

Sheet Solicitação de Peças
A1: 4174728314 | B1: OS | C1: Nome do Cliente | D1: Tipo do serviço | E1: Modelo da Condensadora / Evaporadora | F1: N° de série | G1: Peça a ser solicitada | H1: Peça Solicitada? | I1: Observações
A2: {=IFERROR(TEXT(INDEX(Base!E:E,MATCH(B2,Base!A:A,0)),"mm.dd.yyyy"),"mm.dd.yyyy")} -> mm.dd.yyyy | B2: 4174290904 | C2: {=IFERROR(INDEX(Base!I:I,MATCH(B2,Base!A:A,0)),"Nome do Cliente")} -> Nome do Cliente | D2: {=IFERROR(INDEX(Base!F:F,MATCH(B2,Base!A:A,0)),"Tipo do serv.")} -> Tipo do serv. | E2: {=IFERROR(INDEX(Base!G:G,MATCH(B2,Base!A:A,0)),"Modelo da Cond.")} -> Modelo da Cond. | F2: {=IFERROR(INDEX(Base!H:H,MATCH(B2,Base!A:A,0)),"N° Serial")} -> N° Serial | G2: Sensor | H2: Sim
A3: {=IFERROR(TEXT(INDEX(Base!E:E,MATCH(B3,Base!A:A,0)),"mm.dd.yyyy"),"mm.dd.yyyy")} -> 10.11.2025 | B3: 4174445115 | C3: {=IFERROR(INDEX(Base!I:I,MATCH(B3,Base!A:A,0)),"Nome do Cliente")} -> MARIO GOMES DA SILVA | D3: {=IFERROR(INDEX(Base!F:F,MATCH(B3,Base!A:A,0)),"Tipo do serv.")} -> Em Domicílio | E3: {=IFERROR(INDEX(Base!G:G,MATCH(B3,Base!A:A,0)),"Modelo da Cond.")} -> AC018DN1DKG/AZ | F3: {=IFERROR(INDEX(Base!H:H,MATCH(B3,Base!A:A,0)),"N° Serial")} -> 0309PXAY700069B | G3: Motor de Passo proxima visita chicote dos motores de passos | H3: Não
A4: {=IFERROR(TEXT(INDEX(Base!E:E,MATCH(B4,Base!A:A,0)),"mm.dd.yyyy"),"mm.dd.yyyy")} -> mm.dd.yyyy | B4: 4174600910 | C4: {=IFERROR(INDEX(Base!I:I,MATCH(B4,Base!A:A,0)),"Nome do Cliente")} -> Nome do Cliente | D4: {=IFERROR(INDEX(Base!F:F,MATCH(B4,Base!A:A,0)),"Tipo do serv.")} -> Tipo do serv. | E4: {=IFERROR(INDEX(Base!G:G,MATCH(B4,Base!A:A,0)),"Modelo da Cond.")} -> Modelo da Cond. | F4: {=IFERROR(INDEX(Base!H:H,MATCH(B4,Base!A:A,0)),"N° Serial")} -> N° Serial | G4: Sensor de nivel | H4: Sim
A5: {=IFERROR(TEXT(INDEX(Base!E:E,MATCH(B5,Base!A:A,0)),"mm.dd.yyyy"),"mm.dd.yyyy")} -> mm.dd.yyyy | B5: 4174477418 | C5: {=IFERROR(INDEX(Base!I:I,MATCH(B5,Base!A:A,0)),"Nome do Cliente")} -> Nome do Cliente | D5: {=IFERROR(INDEX(Base!F:F,MATCH(B5,Base!A:A,0)),"Tipo do serv.")} -> Tipo do serv. | E5: {=IFERROR(INDEX(Base!G:G,MATCH(B5,Base!A:A,0)),"Modelo da Cond.")} -> Modelo da Cond. | F5: {=IFERROR(INDEX(Base!H:H,MATCH(B5,Base!A:A,0)),"N° Serial")} -> N° Serial | G5: Compressor | H5: Sim
A6: {=IFERROR(TEXT(INDEX(Base!E:E,MATCH(B6,Base!A:A,0)),"mm.dd.yyyy"),"mm.dd.yyyy")} -> mm.dd.yyyy | B6: 4174482877 | C6: {=IFERROR(INDEX(Base!I:I,MATCH(B6,Base!A:A,0)),"Nome do Cliente")} -> Nome do Cliente | D6: {=IFERROR(INDEX(Base!F:F,MATCH(B6,Base!A:A,0)),"Tipo do serv.")} -> Tipo do serv. | E6: {=IFERROR(INDEX(Base!G:G,MATCH(B6,Base!A:A,0)),"Modelo da Cond.")} -> Modelo da Cond. | F6: {=IFERROR(INDEX(Base!H:H,MATCH(B6,Base!A:A,0)),"N° Serial")} -> N° Serial | G6: 4 compressores, acumuladores e filtro de oleo | H6: Não
A7: {=IFERROR(TEXT(INDEX(Base!E:E,MATCH(B7,Base!A:A,0)),"mm.dd.yyyy"),"mm.dd.yyyy")} -> mm.dd.yyyy | B7: 4174483387 | C7: {=IFERROR(INDEX(Base!I:I,MATCH(B7,Base!A:A,0)),"Nome do Cliente")} -> Nome do Cliente | D7: {=IFERROR(INDEX(Base!F:F,MATCH(B7,Base!A:A,0)),"Tipo do serv.")} -> Tipo do serv. | E7: {=IFERROR(INDEX(Base!G:G,MATCH(B7,Base!A:A,0)),"Modelo da Cond.")} -> Modelo da Cond. | F7: {=IFERROR(INDEX(Base!H:H,MATCH(B7,Base!A:A,0)),"N° Serial")} -> N° Serial | G7: Serpentina da evaporadora | H7: Sim | I7: Modelo: AJ025ANAPKH/AZ Serial: 02TDPXCXC00284A
A8: {=IFERROR(TEXT(INDEX(Base!E:E,MATCH(B8,Base!A:A,0)),"mm.dd.yyyy"),"mm.dd.yyyy")} -> mm.dd.yyyy | B8: 4174659575 | C8: {=IFERROR(INDEX(Base!I:I,MATCH(B8,Base!A:A,0)),"Nome do Cliente")} -> Nome do Cliente | D8: {=IFERROR(INDEX(Base!F:F,MATCH(B8,Base!A:A,0)),"Tipo do serv.")} -> Tipo do serv. | E8: {=IFERROR(INDEX(Base!G:G,MATCH(B8,Base!A:A,0)),"Modelo da Cond.")} -> Modelo da Cond. | F8: {=IFERROR(INDEX(Base!H:H,MATCH(B8,Base!A:A,0)),"N° Serial")} -> N° Serial | G8: Touch
A9: {=IFERROR(TEXT(INDEX(Base!E:E,MATCH(B9,Base!A:A,0)),"mm.dd.yyyy"),"mm.dd.yyyy")} -> 01.12.2025 | B9: 4174601418 | C9: {=IFERROR(INDEX(Base!I:I,MATCH(B9,Base!A:A,0)),"Nome do Cliente")} -> Bruno Henrique Dannas Pelogia | D9: {=IFERROR(INDEX(Base!F:F,MATCH(B9,Base!A:A,0)),"Tipo do serv.")} -> Em Domicílio | E9: {=IFERROR(INDEX(Base!G:G,MATCH(B9,Base!A:A,0)),"Modelo da Cond.")} -> AJ050AXJ2KH/AZ | F9: {=IFERROR(INDEX(Base!H:H,MATCH(B9,Base!A:A,0)),"N° Serial")} -> 02TGPXBX200299V | G9: Serpentina da condensadora, válvula de expansão e válvula 4 vias | H9: Não
A10: {=IFERROR(TEXT(INDEX(Base!E:E,MATCH(B10,Base!A:A,0)),"mm.dd.yyyy"),"mm.dd.yyyy")} -> mm.dd.yyyy | B10: 4174693613 | C10: {=IFERROR(INDEX(Base!I:I,MATCH(B10,Base!A:A,0)),"Nome do Cliente")} -> Nome do Cliente | D10: {=IFERROR(INDEX(Base!F:F,MATCH(B10,Base!A:A,0)),"Tipo do serv.")} -> Tipo do serv. | E10: {=IFERROR(INDEX(Base!G:G,MATCH(B10,Base!A:A,0)),"Modelo da Cond.")} -> Modelo da Cond. | F10: {=IFERROR(INDEX(Base!H:H,MATCH(B10,Base!A:A,0)),"N° Serial")} -> N° Serial | G10: Motor do ventilador da evaporadora
A11: {=IFERROR(TEXT(INDEX(Base!E:E,MATCH(B11,Base!A:A,0)),"mm.dd.yyyy"),"mm.dd.yyyy")} -> mm.dd.yyyy | B11: 4174735425 | C11: {=IFERROR(INDEX(Base!I:I,MATCH(B11,Base!A:A,0)),"Nome do Cliente")} -> Nome do Cliente | D11: {=IFERROR(INDEX(Base!F:F,MATCH(B11,Base!A:A,0)),"Tipo do serv.")} -> Tipo do serv. | E11: {=IFERROR(INDEX(Base!G:G,MATCH(B11,Base!A:A,0)),"Modelo da Cond.")} -> Modelo da Cond. | F11: {=IFERROR(INDEX(Base!H:H,MATCH(B11,Base!A:A,0)),"N° Serial")} -> N° Serial | G11: Bandeja de dreno | H11: Não
A12: {=IFERROR(TEXT(INDEX(Base!E:E,MATCH(B12,Base!A:A,0)),"mm.dd.yyyy"),"mm.dd.yyyy")} -> 10.11.2025 | B12: 4174445115 | C12: {=IFERROR(INDEX(Base!I:I,MATCH(B12,Base!A:A,0)),"Nome do Cliente")} -> MARIO GOMES DA SILVA | D12: {=IFERROR(INDEX(Base!F:F,MATCH(B12,Base!A:A,0)),"Tipo do serv.")} -> Em Domicílio | E12: {=IFERROR(INDEX(Base!G:G,MATCH(B12,Base!A:A,0)),"Modelo da Cond.")} -> AC018DN1DKG/AZ | F12: {=IFERROR(INDEX(Base!H:H,MATCH(B12,Base!A:A,0)),"N° Serial")} -> 0309PXAY700069B | G12: motor de passos placa moldura e aleta proxima visita levar . | H12: Não | I12: TAT 77
A13: {=IFERROR(TEXT(INDEX(Base!E:E,MATCH(B13,Base!A:A,0)),"mm.dd.yyyy"),"mm.dd.yyyy")} -> mm.dd.yyyy | B13: 4174477418 | C13: {=IFERROR(INDEX(Base!I:I,MATCH(B13,Base!A:A,0)),"Nome do Cliente")} -> Nome do Cliente | D13: {=IFERROR(INDEX(Base!F:F,MATCH(B13,Base!A:A,0)),"Tipo do serv.")} -> Tipo do serv. | E13: {=IFERROR(INDEX(Base!G:G,MATCH(B13,Base!A:A,0)),"Modelo da Cond.")} -> Modelo da Cond. | F13: {=IFERROR(INDEX(Base!H:H,MATCH(B13,Base!A:A,0)),"N° Serial")} -> N° Serial | G13: placa-mãe do condensador e do evaporador. | H13: Não | I13: TAT 73
A14: {=IFERROR(TEXT(INDEX(Base!E:E,MATCH(B14,Base!A:A,0)),"mm.dd.yyyy"),"mm.dd.yyyy")} -> mm.dd.yyyy | B14: 4174734499 | C14: {=IFERROR(INDEX(Base!I:I,MATCH(B14,Base!A:A,0)),"Nome do Cliente")} -> Nome do Cliente | D14: {=IFERROR(INDEX(Base!F:F,MATCH(B14,Base!A:A,0)),"Tipo do serv.")} -> Tipo do serv. | E14: {=IFERROR(INDEX(Base!G:G,MATCH(B14,Base!A:A,0)),"Modelo da Cond.")} -> Modelo da Cond. | F14: {=IFERROR(INDEX(Base!H:H,MATCH(B14,Base!A:A,0)),"N° Serial")} -> N° Serial | G14: Serpentina | H14: Não | I14: TAT 40
A15: {=IFERROR(TEXT(INDEX(Base!E:E,MATCH(B15,Base!A:A,0)),"mm.dd.yyyy"),"mm.dd.yyyy")} -> 12.19.2025 | B15: 4174748994 | C15: {=IFERROR(INDEX(Base!I:I,MATCH(B15,Base!A:A,0)),"Nome do Cliente")} -> Eliane Vignatti Avancini | D15: {=IFERROR(INDEX(Base!F:F,MATCH(B15,Base!A:A,0)),"Tipo do serv.")} -> Em Domicílio | E15: {=IFERROR(INDEX(Base!G:G,MATCH(B15,Base!A:A,0)),"Modelo da Cond.")} -> AC048TN4DKC/AZ | F15: {=IFERROR(INDEX(Base!H:H,MATCH(B15,Base!A:A,0)),"N° Serial")} -> BF09P3HW800039W | G15: placa eletrônica da evaporadora e da placa principal (display/controle) da condensadora | H15: Não | I15: TAT 38
A16: {=IFERROR(TEXT(INDEX(Base!E:E,MATCH(B16,Base!A:A,0)),"mm.dd.yyyy"),"mm.dd.yyyy")} -> 05.01.2026 | B16: 4174846790 | C16: {=IFERROR(INDEX(Base!I:I,MATCH(B16,Base!A:A,0)),"Nome do Cliente")} -> Fernando Romeu Miassi | D16: {=IFERROR(INDEX(Base!F:F,MATCH(B16,Base!A:A,0)),"Tipo do serv.")} -> Em Domicílio | E16: {=IFERROR(INDEX(Base!G:G,MATCH(B16,Base!A:A,0)),"Modelo da Cond.")} -> AM036TNVDKH/EU | F16: {=IFERROR(INDEX(Base!H:H,MATCH(B16,Base!A:A,0)),"N° Serial")} -> 0HG7PDAW900052X | G16: 3 serpentinas das unidades internas dos ambientes | H16: Não | I16: TAT 22
A17: {=IFERROR(TEXT(INDEX(Base!E:E,MATCH(B17,Base!A:A,0)),"mm.dd.yyyy"),"mm.dd.yyyy")} -> 01.16.2026 | B17: 4174946607 | C17: {=IFERROR(INDEX(Base!I:I,MATCH(B17,Base!A:A,0)),"Nome do Cliente")} -> COMERCIAL PROTON LIMITADA | D17: {=IFERROR(INDEX(Base!F:F,MATCH(B17,Base!A:A,0)),"Tipo do serv.")} -> Em Domicílio | E17: {=IFERROR(INDEX(Base!G:G,MATCH(B17,Base!A:A,0)),"Modelo da Cond.")} -> AM170TN4DKH/EA | F17: {=IFERROR(INDEX(Base!H:H,MATCH(B17,Base!A:A,0)),"N° Serial")} -> M000 | G17: Serpentina | H17: Não | I17: TAT 11
A18: {=IFERROR(TEXT(INDEX(Base!E:E,MATCH(B18,Base!A:A,0)),"mm.dd.yyyy"),"mm.dd.yyyy")} -> mm.dd.yyyy | B18: 4174947661 | C18: {=IFERROR(INDEX(Base!I:I,MATCH(B18,Base!A:A,0)),"Nome do Cliente")} -> Nome do Cliente | D18: {=IFERROR(INDEX(Base!F:F,MATCH(B18,Base!A:A,0)),"Tipo do serv.")} -> Tipo do serv. | E18: {=IFERROR(INDEX(Base!G:G,MATCH(B18,Base!A:A,0)),"Modelo da Cond.")} -> Modelo da Cond. | F18: {=IFERROR(INDEX(Base!H:H,MATCH(B18,Base!A:A,0)),"N° Serial")} -> N° Serial | G18: Compressor | H18: Não
A19: {=IFERROR(TEXT(INDEX(Base!E:E,MATCH(B19,Base!A:A,0)),"mm.dd.yyyy"),"mm.dd.yyyy")} -> mm.dd.yyyy | B19: 4174728314 | C19: {=IFERROR(INDEX(Base!I:I,MATCH(B19,Base!A:A,0)),"Nome do Cliente")} -> Nome do Cliente | D19: {=IFERROR(INDEX(Base!F:F,MATCH(B19,Base!A:A,0)),"Tipo do serv.")} -> Tipo do serv. | E19: {=IFERROR(INDEX(Base!G:G,MATCH(B19,Base!A:A,0)),"Modelo da Cond.")} -> Modelo da Cond. | F19: {=IFERROR(INDEX(Base!H:H,MATCH(B19,Base!A:A,0)),"N° Serial")} -> N° Serial | G19: Compressor | H19: Não
A20: {=IFERROR(TEXT(INDEX(Base!E:E,MATCH(B20,Base!A:A,0)),"mm.dd.yyyy"),"mm.dd.yyyy")} -> 01.19.2026 | B20: 4174960583 | C20: {=IFERROR(INDEX(Base!I:I,MATCH(B20,Base!A:A,0)),"Nome do Cliente")} -> William Robert Nahra Filho | D20: {=IFERROR(INDEX(Base!F:F,MATCH(B20,Base!A:A,0)),"Tipo do serv.")} -> Em Domicílio | E20: {=IFERROR(INDEX(Base!G:G,MATCH(B20,Base!A:A,0)),"Modelo da Cond.")} -> AC024DN4DKG/AZ | F20: {=IFERROR(INDEX(Base!H:H,MATCH(B20,Base!A:A,0)),"N° Serial")} -> 030FPXAX200036P | G20: Cliente informa o erro E153, referente a bomba de drenagem. Sugerimos a ASC levar a placa da evaporadora e o kit sensor+sensor de nível. | H20: Não
A21: {=IFERROR(TEXT(INDEX(Base!E:E,MATCH(B21,Base!A:A,0)),"mm.dd.yyyy"),"mm.dd.yyyy")} -> mm.dd.yyyy | B21: 4174973973 | C21: {=IFERROR(INDEX(Base!I:I,MATCH(B21,Base!A:A,0)),"Nome do Cliente")} -> Nome do Cliente | D21: {=IFERROR(INDEX(Base!F:F,MATCH(B21,Base!A:A,0)),"Tipo do serv.")} -> Tipo do serv. | E21: {=IFERROR(INDEX(Base!G:G,MATCH(B21,Base!A:A,0)),"Modelo da Cond.")} -> Modelo da Cond. | F21: {=IFERROR(INDEX(Base!H:H,MATCH(B21,Base!A:A,0)),"N° Serial")} -> N° Serial | G21: Cliente informa que não consegue realizar a configuração do módulo wi fi. Sugerimos a ASC levar o módulo wi fi e a placa da evaporadora. | H21: Não
A22: {=IFERROR(TEXT(INDEX(Base!E:E,MATCH(B22,Base!A:A,0)),"mm.dd.yyyy"),"mm.dd.yyyy")} -> mm.dd.yyyy | B22: 4174984195 | C22: {=IFERROR(INDEX(Base!I:I,MATCH(B22,Base!A:A,0)),"Nome do Cliente")} -> Nome do Cliente | D22: {=IFERROR(INDEX(Base!F:F,MATCH(B22,Base!A:A,0)),"Tipo do serv.")} -> Tipo do serv. | E22: {=IFERROR(INDEX(Base!G:G,MATCH(B22,Base!A:A,0)),"Modelo da Cond.")} -> Modelo da Cond. | F22: {=IFERROR(INDEX(Base!H:H,MATCH(B22,Base!A:A,0)),"N° Serial")} -> N° Serial | G22: Sugerimos a ASC levar não apenas a placa, mas também o kit bomba+sensor de nível. | H22: Não
A23: {=IFERROR(TEXT(INDEX(Base!E:E,MATCH(B23,Base!A:A,0)),"mm.dd.yyyy"),"mm.dd.yyyy")} -> mm.dd.yyyy | B23: 4174984272 | C23: {=IFERROR(INDEX(Base!I:I,MATCH(B23,Base!A:A,0)),"Nome do Cliente")} -> Nome do Cliente | D23: {=IFERROR(INDEX(Base!F:F,MATCH(B23,Base!A:A,0)),"Tipo do serv.")} -> Tipo do serv. | E23: {=IFERROR(INDEX(Base!G:G,MATCH(B23,Base!A:A,0)),"Modelo da Cond.")} -> Modelo da Cond. | F23: {=IFERROR(INDEX(Base!H:H,MATCH(B23,Base!A:A,0)),"N° Serial")} -> N° Serial | G23: Cliente informa o erro E153, referente a bomba de drenagem. Sugerimos a ASC levar a placa e o kit bomba+sensor de nível. | H23: Não
A24: {=IFERROR(TEXT(INDEX(Base!E:E,MATCH(B24,Base!A:A,0)),"mm.dd.yyyy"),"mm.dd.yyyy")} -> mm.dd.yyyy | B24: 4174772084 | C24: {=IFERROR(INDEX(Base!I:I,MATCH(B24,Base!A:A,0)),"Nome do Cliente")} -> Nome do Cliente | D24: {=IFERROR(INDEX(Base!F:F,MATCH(B24,Base!A:A,0)),"Tipo do serv.")} -> Tipo do serv. | E24: {=IFERROR(INDEX(Base!G:G,MATCH(B24,Base!A:A,0)),"Modelo da Cond.")} -> Modelo da Cond. | F24: {=IFERROR(INDEX(Base!H:H,MATCH(B24,Base!A:A,0)),"N° Serial")} -> N° Serial | G24: placas do kit wi-fi | H24: Não
A25: {=IFERROR(TEXT(INDEX(Base!E:E,MATCH(B25,Base!A:A,0)),"mm.dd.yyyy"),"mm.dd.yyyy")} -> mm.dd.yyyy | B25: 4174772259 | C25: {=IFERROR(INDEX(Base!I:I,MATCH(B25,Base!A:A,0)),"Nome do Cliente")} -> Nome do Cliente | D25: {=IFERROR(INDEX(Base!F:F,MATCH(B25,Base!A:A,0)),"Tipo do serv.")} -> Tipo do serv. | E25: {=IFERROR(INDEX(Base!G:G,MATCH(B25,Base!A:A,0)),"Modelo da Cond.")} -> Modelo da Cond. | F25: {=IFERROR(INDEX(Base!H:H,MATCH(B25,Base!A:A,0)),"N° Serial")} -> N° Serial | G25: válvula EEV da evaporadora | H25: Não
A26: {=IFERROR(TEXT(INDEX(Base!E:E,MATCH(B26,Base!A:A,0)),"mm.dd.yyyy"),"mm.dd.yyyy")} -> 07.01.2026 | B26: 4174866947 | C26: {=IFERROR(INDEX(Base!I:I,MATCH(B26,Base!A:A,0)),"Nome do Cliente")} -> Sidnei Dos Reis Lopes | D26: {=IFERROR(INDEX(Base!F:F,MATCH(B26,Base!A:A,0)),"Tipo do serv.")} -> Em Domicílio | E26: {=IFERROR(INDEX(Base!G:G,MATCH(B26,Base!A:A,0)),"Modelo da Cond.")} -> AC018DN1DKG/AZ | F26: {=IFERROR(INDEX(Base!H:H,MATCH(B26,Base!A:A,0)),"N° Serial")} -> 0309PXAY400025P | G26: placa da evaporadora | H26: Não
A27: {=IFERROR(TEXT(INDEX(Base!E:E,MATCH(B27,Base!A:A,0)),"mm.dd.yyyy"),"mm.dd.yyyy")} -> mm.dd.yyyy | B27: 4174731148 | C27: {=IFERROR(INDEX(Base!I:I,MATCH(B27,Base!A:A,0)),"Nome do Cliente")} -> Nome do Cliente | D27: {=IFERROR(INDEX(Base!F:F,MATCH(B27,Base!A:A,0)),"Tipo do serv.")} -> Tipo do serv. | E27: {=IFERROR(INDEX(Base!G:G,MATCH(B27,Base!A:A,0)),"Modelo da Cond.")} -> Modelo da Cond. | F27: {=IFERROR(INDEX(Base!H:H,MATCH(B27,Base!A:A,0)),"N° Serial")} -> N° Serial | G27: VALVE GEAR EXPAN | H27: Não
A28: {=IFERROR(TEXT(INDEX(Base!E:E,MATCH(B28,Base!A:A,0)),"mm.dd.yyyy"),"mm.dd.yyyy")} -> 01.14.2026 | B28: 4174925699 | C28: {=IFERROR(INDEX(Base!I:I,MATCH(B28,Base!A:A,0)),"Nome do Cliente")} -> Richard Frank | D28: {=IFERROR(INDEX(Base!F:F,MATCH(B28,Base!A:A,0)),"Tipo do serv.")} -> Em Domicílio | E28: {=IFERROR(INDEX(Base!G:G,MATCH(B28,Base!A:A,0)),"Modelo da Cond.")} -> AJ025ANAPKH2AZ | F28: {=IFERROR(INDEX(Base!H:H,MATCH(B28,Base!A:A,0)),"N° Serial")} -> 0321PXCXA01720X | G28: serpentina da evaporadora | H28: Não
A29: {=IFERROR(TEXT(INDEX(Base!E:E,MATCH(B29,Base!A:A,0)),"mm.dd.yyyy"),"mm.dd.yyyy")} -> mm.dd.yyyy | B29: 4174554429 | C29: {=IFERROR(INDEX(Base!I:I,MATCH(B29,Base!A:A,0)),"Nome do Cliente")} -> Nome do Cliente | D29: {=IFERROR(INDEX(Base!F:F,MATCH(B29,Base!A:A,0)),"Tipo do serv.")} -> Tipo do serv. | E29: {=IFERROR(INDEX(Base!G:G,MATCH(B29,Base!A:A,0)),"Modelo da Cond.")} -> Modelo da Cond. | F29: {=IFERROR(INDEX(Base!H:H,MATCH(B29,Base!A:A,0)),"N° Serial")} -> N° Serial | G29: ASSY PCB MAIN-IN;SW,INDOOR,AC5000B,260*7 | H29: Não
... A39: {=IFERROR(TEXT(INDEX(Base!E:E,MATCH(B39,Base!A:A,0)),"mm.dd.yyyy"),"mm.dd.yyyy")} -> 01.23.2026 | B39: 4175001531 | C39: {=IFERROR(INDEX(Base!I:I,MATCH(B39,Base!A:A,0)),"Nome do Cliente")} -> Marcos Phaulo Passos Bastos | D39: {=IFERROR(INDEX(Base!F:F,MATCH(B39,Base!A:A,0)),"Tipo do serv.")} -> Em Domicílio | E39: {=IFERROR(INDEX(Base!G:G,MATCH(B39,Base!A:A,0)),"Modelo da Cond.")} -> AJ080AXJ4KH/AZ | F39: {=IFERROR(INDEX(Base!H:H,MATCH(B39,Base!A:A,0)),"N° Serial")} -> 02TMPXBY100174H | G39: placas main e sub | H39: Não
A40: {=IFERROR(TEXT(INDEX(Base!E:E,MATCH(B40,Base!A:A,0)),"mm.dd.yyyy"),"mm.dd.yyyy")} -> mm.dd.yyyy | B40: 4174693613 | C40: {=IFERROR(INDEX(Base!I:I,MATCH(B40,Base!A:A,0)),"Nome do Cliente")} -> Nome do Cliente | D40: {=IFERROR(INDEX(Base!F:F,MATCH(B40,Base!A:A,0)),"Tipo do serv.")} -> Tipo do serv. | E40: {=IFERROR(INDEX(Base!G:G,MATCH(B40,Base!A:A,0)),"Modelo da Cond.")} -> Modelo da Cond. | F40: {=IFERROR(INDEX(Base!H:H,MATCH(B40,Base!A:A,0)),"N° Serial")} -> N° Serial | G40: 2 motores e 2 placa da evap | H40: Não | I40: Fausto
A41: {=IFERROR(TEXT(INDEX(Base!E:E,MATCH(B41,Base!A:A,0)),"mm.dd.yyyy"),"mm.dd.yyyy")} -> mm.dd.yyyy | B41: 4174728314 | C41: {=IFERROR(INDEX(Base!I:I,MATCH(B41,Base!A:A,0)),"Nome do Cliente")} -> Nome do Cliente | D41: {=IFERROR(INDEX(Base!F:F,MATCH(B41,Base!A:A,0)),"Tipo do serv.")} -> Tipo do serv. | E41: {=IFERROR(INDEX(Base!G:G,MATCH(B41,Base!A:A,0)),"Modelo da Cond.")} -> Modelo da Cond. | F41: {=IFERROR(INDEX(Base!H:H,MATCH(B41,Base!A:A,0)),"N° Serial")} -> N° Serial | G41: Faz-se necessária compra de peça (Compressor) | H41: Não
A42: {=IFERROR(TEXT(INDEX(Base!E:E,MATCH(B42,Base!A:A,0)),"mm.dd.yyyy"),"mm.dd.yyyy")} -> mm.dd.yyyy | B42: 4175136315 | C42: {=IFERROR(INDEX(Base!I:I,MATCH(B42,Base!A:A,0)),"Nome do Cliente")} -> Nome do Cliente | D42: {=IFERROR(INDEX(Base!F:F,MATCH(B42,Base!A:A,0)),"Tipo do serv.")} -> Tipo do serv. | E42: {=IFERROR(INDEX(Base!G:G,MATCH(B42,Base!A:A,0)),"Modelo da Cond.")} -> Modelo da Cond. | F42: {=IFERROR(INDEX(Base!H:H,MATCH(B42,Base!A:A,0)),"N° Serial")} -> N° Serial | G42: Compressor DS-GB066FAVB ou similar. | H42: Não
A43: {=IFERROR(TEXT(INDEX(Base!E:E,MATCH(B43,Base!A:A,0)),"mm.dd.yyyy"),"mm.dd.yyyy")} -> 01.27.2026 | B43: 4175021965 | C43: {=IFERROR(INDEX(Base!I:I,MATCH(B43,Base!A:A,0)),"Nome do Cliente")} -> MARCOS FERREIRA | D43: {=IFERROR(INDEX(Base!F:F,MATCH(B43,Base!A:A,0)),"Tipo do serv.")} -> Em Domicílio | E43: {=IFERROR(INDEX(Base!G:G,MATCH(B43,Base!A:A,0)),"Modelo da Cond.")} -> AJ050AXJ2KH/AZ | F43: {=IFERROR(INDEX(Base!H:H,MATCH(B43,Base!A:A,0)),"N° Serial")} -> 02TGPXBY700025R | G43: serpentina da evaporadora | H43: Não
A44: {=IFERROR(TEXT(INDEX(Base!E:E,MATCH(B44,Base!A:A,0)),"mm.dd.yyyy"),"mm.dd.yyyy")} -> 02.02.2026 | B44: 4175068842 | C44: {=IFERROR(INDEX(Base!I:I,MATCH(B44,Base!A:A,0)),"Nome do Cliente")} -> GABRIELA LUCIANO BORRI ARANDA | D44: {=IFERROR(INDEX(Base!F:F,MATCH(B44,Base!A:A,0)),"Tipo do serv.")} -> Em Domicílio | E44: {=IFERROR(INDEX(Base!G:G,MATCH(B44,Base!A:A,0)),"Modelo da Cond.")} -> AJ100AXJ5KH/AZ | F44: {=IFERROR(INDEX(Base!H:H,MATCH(B44,Base!A:A,0)),"N° Serial")} -> BLK6P3CX400095V | G44: Placa inverter da condensadora, | H44: Não | I44: DB92-04560A (PLACA E TROCADOR) ideal DB92-04535A (APENAS PLACA) caso não encontre pelo cod acima
A45: {=IFERROR(TEXT(INDEX(Base!E:E,MATCH(B45,Base!A:A,0)),"mm.dd.yyyy"),"mm.dd.yyyy")} -> 04.02.2026 | B45: 4175085235 | C45: {=IFERROR(INDEX(Base!I:I,MATCH(B45,Base!A:A,0)),"Nome do Cliente")} -> Vinicius Milhan Hipolito | D45: {=IFERROR(INDEX(Base!F:F,MATCH(B45,Base!A:A,0)),"Tipo do serv.")} -> Em Domicílio | E45: {=IFERROR(INDEX(Base!G:G,MATCH(B45,Base!A:A,0)),"Modelo da Cond.")} -> AC024DN4DKG/AZ | F45: {=IFERROR(INDEX(Base!H:H,MATCH(B45,Base!A:A,0)),"N° Serial")} -> 030FPXAXA00141N | G45: Bomba de dreno, Kit Wifi (DB90-11882L) e placa principal de cassete 4 vias | H45: Não
A46: {=IFERROR(TEXT(INDEX(Base!E:E,MATCH(B46,Base!A:A,0)),"mm.dd.yyyy"),"mm.dd.yyyy")} -> 01.14.2026 | B46: 4174925640 | C46: {=IFERROR(INDEX(Base!I:I,MATCH(B46,Base!A:A,0)),"Nome do Cliente")} -> Thiago Nascimento Pontes | D46: {=IFERROR(INDEX(Base!F:F,MATCH(B46,Base!A:A,0)),"Tipo do serv.")} -> Em Domicílio | E46: {=IFERROR(INDEX(Base!G:G,MATCH(B46,Base!A:A,0)),"Modelo da Cond.")} -> AJ100DXJ5KH/AZ | F46: {=IFERROR(INDEX(Base!H:H,MATCH(B46,Base!A:A,0)),"N° Serial")} -> 0344PXBY500159H | G46: Kit Wifi | H46: Não
A47: {=IFERROR(TEXT(INDEX(Base!E:E,MATCH(B47,Base!A:A,0)),"mm.dd.yyyy"),"mm.dd.yyyy")} -> 11.02.2026 | B47: 4175145496 | C47: {=IFERROR(INDEX(Base!I:I,MATCH(B47,Base!A:A,0)),"Nome do Cliente")} -> ORPEC ENGENHARIA IND E COM LTDA | D47: {=IFERROR(INDEX(Base!F:F,MATCH(B47,Base!A:A,0)),"Tipo do serv.")} -> Em Domicílio | E47: {=IFERROR(INDEX(Base!G:G,MATCH(B47,Base!A:A,0)),"Modelo da Cond.")} -> AJ080AXJ4KH/AZ | F47: {=IFERROR(INDEX(Base!H:H,MATCH(B47,Base!A:A,0)),"N° Serial")} -> 02TMPXBXC00056P | G47: Placa principal da condensadora | H47: Não
A48: {=IFERROR(TEXT(INDEX(Base!E:E,MATCH(B48,Base!A:A,0)),"mm.dd.yyyy"),"mm.dd.yyyy")} -> 01.30.2026 | B48: 4175055490 | C48: {=IFERROR(INDEX(Base!I:I,MATCH(B48,Base!A:A,0)),"Nome do Cliente")} -> GIULIA MADEIROS GUIDONI | D48: {=IFERROR(INDEX(Base!F:F,MATCH(B48,Base!A:A,0)),"Tipo do serv.")} -> Em Domicílio | E48: {=IFERROR(INDEX(Base!G:G,MATCH(B48,Base!A:A,0)),"Modelo da Cond.")} -> AJ100DXJ5KH/AZ | F48: {=IFERROR(INDEX(Base!H:H,MATCH(B48,Base!A:A,0)),"N° Serial")} -> 0344PXBY900196P | G48: Placa Inverter e Main condensadora | H48: Não
A49: {=IFERROR(TEXT(INDEX(Base!E:E,MATCH(B49,Base!A:A,0)),"mm.dd.yyyy"),"mm.dd.yyyy")} -> 02.19.2026 | B49: 4175199815 | C49: {=IFERROR(INDEX(Base!I:I,MATCH(B49,Base!A:A,0)),"Nome do Cliente")} -> Fabricio Passadore de Oliveir | D49: {=IFERROR(INDEX(Base!F:F,MATCH(B49,Base!A:A,0)),"Tipo do serv.")} -> Em Domicílio | E49: {=IFERROR(INDEX(Base!G:G,MATCH(B49,Base!A:A,0)),"Modelo da Cond.")} -> AJ068AXJ3KH/AZ | F49: {=IFERROR(INDEX(Base!H:H,MATCH(B49,Base!A:A,0)),"N° Serial")} -> 02TKPXBX800038K | G49: Serpentina da evaporadora (DB96-24830F) mod. :AJ025ANAPKH2AZ n/s : 0321PXCX500959Y | H49: Não
A50: {=IFERROR(TEXT(INDEX(Base!E:E,MATCH(B50,Base!A:A,0)),"mm.dd.yyyy"),"mm.dd.yyyy")} -> 02.20.2026 | B50: 4175213137 | C50: {=IFERROR(INDEX(Base!I:I,MATCH(B50,Base!A:A,0)),"Nome do Cliente")} -> Wagner Oliveira | D50: {=IFERROR(INDEX(Base!F:F,MATCH(B50,Base!A:A,0)),"Tipo do serv.")} -> Em Domicílio | E50: {=IFERROR(INDEX(Base!G:G,MATCH(B50,Base!A:A,0)),"Modelo da Cond.")} -> AC048DXADKG/AZ | F50: {=IFERROR(INDEX(Base!H:H,MATCH(B50,Base!A:A,0)),"N° Serial")} -> 030YPXBY600011J | G50: Compressor e Kit Wifi | H50: Não
A51: {=IFERROR(TEXT(INDEX(Base!E:E,MATCH(B51,Base!A:A,0)),"mm.dd.yyyy"),"mm.dd.yyyy")} -> 12.03.2026 | B51: 4175360035 | C51: {=IFERROR(INDEX(Base!I:I,MATCH(B51,Base!A:A,0)),"Nome do Cliente")} -> STR SERVICE COMERCIO | D51: {=IFERROR(INDEX(Base!F:F,MATCH(B51,Base!A:A,0)),"Tipo do serv.")} -> Em Domicílio | E51: {=IFERROR(INDEX(Base!G:G,MATCH(B51,Base!A:A,0)),"Modelo da Cond.")} -> AM036TNVDKH/EU | F51: {=IFERROR(INDEX(Base!H:H,MATCH(B51,Base!A:A,0)),"N° Serial")} -> 0HG7PDCX800881A | G51: Placa e serpentina | H51: Não
A52: {=IFERROR(TEXT(INDEX(Base!E:E,MATCH(B52,Base!A:A,0)),"mm.dd.yyyy"),"mm.dd.yyyy")} -> 03.13.2026 | B52: 4175368881 | C52: {=IFERROR(INDEX(Base!I:I,MATCH(B52,Base!A:A,0)),"Nome do Cliente")} -> KARINA MANTOAN FERREIRA | D52: {=IFERROR(INDEX(Base!F:F,MATCH(B52,Base!A:A,0)),"Tipo do serv.")} -> Em Domicílio | E52: {=IFERROR(INDEX(Base!G:G,MATCH(B52,Base!A:A,0)),"Modelo da Cond.")} -> AM048ANHPKH/AZ | F52: {=IFERROR(INDEX(Base!H:H,MATCH(B52,Base!A:A,0)),"N° Serial")} -> 0VZUPALX700047L | G52: Placa da evaporadora | H52: Não
A53: {=IFERROR(TEXT(INDEX(Base!E:E,MATCH(B53,Base!A:A,0)),"mm.dd.yyyy"),"mm.dd.yyyy")} -> 03.03.2026 | B53: 4175286024 | C53: {=IFERROR(INDEX(Base!I:I,MATCH(B53,Base!A:A,0)),"Nome do Cliente")} -> FERNANDA HENRIQUES | D53: {=IFERROR(INDEX(Base!F:F,MATCH(B53,Base!A:A,0)),"Tipo do serv.")} -> Em Domicílio | E53: {=IFERROR(INDEX(Base!G:G,MATCH(B53,Base!A:A,0)),"Modelo da Cond.")} -> AJ025ANAPKH/AZ | F53: {=IFERROR(INDEX(Base!H:H,MATCH(B53,Base!A:A,0)),"N° Serial")} -> 02TDPXCX400643B | G53: Serpentina da evaporadora | H53: Não
A54: {=IFERROR(TEXT(INDEX(Base!E:E,MATCH(B54,Base!A:A,0)),"mm.dd.yyyy"),"mm.dd.yyyy")} -> 10.03.2026 | B54: 4175337909 | C54: {=IFERROR(INDEX(Base!I:I,MATCH(B54,Base!A:A,0)),"Nome do Cliente")} -> SOL PNEUS LTDA | D54: {=IFERROR(INDEX(Base!F:F,MATCH(B54,Base!A:A,0)),"Tipo do serv.")} -> Em Domicílio | E54: {=IFERROR(INDEX(Base!G:G,MATCH(B54,Base!A:A,0)),"Modelo da Cond.")} -> AJ080AXJ4KH/AZ | F54: {=IFERROR(INDEX(Base!H:H,MATCH(B54,Base!A:A,0)),"N° Serial")} -> 02TMPXBY100175V | G54: Compressor e válvula de serviço | H54: Não
A55: {=IFERROR(TEXT(INDEX(Base!E:E,MATCH(B55,Base!A:A,0)),"mm.dd.yyyy"),"mm.dd.yyyy")} -> 03.24.2026 | B55: 4175437307 | C55: {=IFERROR(INDEX(Base!I:I,MATCH(B55,Base!A:A,0)),"Nome do Cliente")} -> Diogo Sesti | D55: {=IFERROR(INDEX(Base!F:F,MATCH(B55,Base!A:A,0)),"Tipo do serv.")} -> Em Domicílio | E55: {=IFERROR(INDEX(Base!G:G,MATCH(B55,Base!A:A,0)),"Modelo da Cond.")} -> AR12DXFAAWKNAZ | F55: {=IFERROR(INDEX(Base!H:H,MATCH(B55,Base!A:A,0)),"N° Serial")} -> M000 | G55: compressor e placa inverter da condensadora (033QPXBY200357R) e serpentina da evaporadora (0329PXCY401480N) | H55: Não
A56: {=IFERROR(TEXT(INDEX(Base!E:E,MATCH(B56,Base!A:A,0)),"mm.dd.yyyy"),"mm.dd.yyyy")} -> 11.02.2026 | B56: 4175145496 | C56: {=IFERROR(INDEX(Base!I:I,MATCH(B56,Base!A:A,0)),"Nome do Cliente")} -> ORPEC ENGENHARIA IND E COM LTDA | D56: {=IFERROR(INDEX(Base!F:F,MATCH(B56,Base!A:A,0)),"Tipo do serv.")} -> Em Domicílio | E56: {=IFERROR(INDEX(Base!G:G,MATCH(B56,Base!A:A,0)),"Modelo da Cond.")} -> AJ080AXJ4KH/AZ | F56: {=IFERROR(INDEX(Base!H:H,MATCH(B56,Base!A:A,0)),"N° Serial")} -> 02TMPXBXC00056P | G56: Tubo de 4 vias da condesadora e Tubo de valvulas da condensadora
A57: {=IFERROR(TEXT(INDEX(Base!E:E,MATCH(B57,Base!A:A,0)),"mm.dd.yyyy"),"mm.dd.yyyy")} -> 06.03.2026 | B57: 4175311294 | C57: {=IFERROR(INDEX(Base!I:I,MATCH(B57,Base!A:A,0)),"Nome do Cliente")} -> Eduardo Bortolotti Costa | D57: {=IFERROR(INDEX(Base!F:F,MATCH(B57,Base!A:A,0)),"Tipo do serv.")} -> Em Domicílio | E57: {=IFERROR(INDEX(Base!G:G,MATCH(B57,Base!A:A,0)),"Modelo da Cond.")} -> AC060DNCDKG/AZ | F57: {=IFERROR(INDEX(Base!H:H,MATCH(B57,Base!A:A,0)),"N° Serial")} -> 0311PXAX100106K | G57: Serpentina da evaporadora | H57: Não
A58: {=IFERROR(TEXT(INDEX(Base!E:E,MATCH(B58,Base!A:A,0)),"mm.dd.yyyy"),"mm.dd.yyyy")} -> 12.03.2026 | B58: 4175360099 | C58: {=IFERROR(INDEX(Base!I:I,MATCH(B58,Base!A:A,0)),"Nome do Cliente")} -> JOSE RICARDO FABBI | D58: {=IFERROR(INDEX(Base!F:F,MATCH(B58,Base!A:A,0)),"Tipo do serv.")} -> Em Domicílio | E58: {=IFERROR(INDEX(Base!G:G,MATCH(B58,Base!A:A,0)),"Modelo da Cond.")} -> AC060DXADKG/AZ | F58: {=IFERROR(INDEX(Base!H:H,MATCH(B58,Base!A:A,0)),"N° Serial")} -> 0315PXBX900232L | G58: Placa e Eepron da evaporadora | H58: Não
A59: {=IFERROR(TEXT(INDEX(Base!E:E,MATCH(B59,Base!A:A,0)),"mm.dd.yyyy"),"mm.dd.yyyy")} -> 03.16.2026 | B59: 4175384452 | C59: {=IFERROR(INDEX(Base!I:I,MATCH(B59,Base!A:A,0)),"Nome do Cliente")} -> BR CAPITAL DISTRIBUIDORA DE TIT | D59: {=IFERROR(INDEX(Base!F:F,MATCH(B59,Base!A:A,0)),"Tipo do serv.")} -> Em Domicílio | E59: {=IFERROR(INDEX(Base!G:G,MATCH(B59,Base!A:A,0)),"Modelo da Cond.")} -> AM036KN4DCH/AA | F59: {=IFERROR(INDEX(Base!H:H,MATCH(B59,Base!A:A,0)),"N° Serial")} -> M000 | G59: Placa da condensadora | H59: Não
A60: {=IFERROR(TEXT(INDEX(Base!E:E,MATCH(B60,Base!A:A,0)),"mm.dd.yyyy"),"mm.dd.yyyy")} -> 03.30.2026 | B60: 4175484970 | C60: {=IFERROR(INDEX(Base!I:I,MATCH(B60,Base!A:A,0)),"Nome do Cliente")} -> Laura Müller Valente | D60: {=IFERROR(INDEX(Base!F:F,MATCH(B60,Base!A:A,0)),"Tipo do serv.")} -> Em Domicílio | E60: {=IFERROR(INDEX(Base!G:G,MATCH(B60,Base!A:A,0)),"Modelo da Cond.")} -> AM060TXMDKH/AZ | F60: {=IFERROR(INDEX(Base!H:H,MATCH(B60,Base!A:A,0)),"N° Serial")} -> 0V5TPAFXA00013N | G60: BOMBA DE DRENO, SENOR DE NIVEL E INTERRUPTOR K7 UMA VIA | H60: Não
A61: {=IFERROR(TEXT(INDEX(Base!E:E,MATCH(B61,Base!A:A,0)),"mm.dd.yyyy"),"mm.dd.yyyy")} -> 03.26.2026 | B61: 4175456419 | C61: {=IFERROR(INDEX(Base!I:I,MATCH(B61,Base!A:A,0)),"Nome do Cliente")} -> Luis Alfredo Olbertz | D61: {=IFERROR(INDEX(Base!F:F,MATCH(B61,Base!A:A,0)),"Tipo do serv.")} -> Em Domicílio | E61: {=IFERROR(INDEX(Base!G:G,MATCH(B61,Base!A:A,0)),"Modelo da Cond.")} -> AJ025ANAPKH2AZ | F61: {=IFERROR(INDEX(Base!H:H,MATCH(B61,Base!A:A,0)),"N° Serial")} -> 0321PXAX600359L | G61: Serpentina evaporadora (AJ025ANAPKH2AZ - DB96-26644A) | H61: Não
A62: {=IFERROR(TEXT(INDEX(Base!E:E,MATCH(B62,Base!A:A,0)),"mm.dd.yyyy"),"mm.dd.yyyy")} -> 03.30.2026 | B62: 4175475967 | C62: {=IFERROR(INDEX(Base!I:I,MATCH(B62,Base!A:A,0)),"Nome do Cliente")} -> Luis Alfredo Olbertz | D62: {=IFERROR(INDEX(Base!F:F,MATCH(B62,Base!A:A,0)),"Tipo do serv.")} -> Em Domicílio | E62: {=IFERROR(INDEX(Base!G:G,MATCH(B62,Base!A:A,0)),"Modelo da Cond.")} -> AJ050AXJ2KH/AZ | F62: {=IFERROR(INDEX(Base!H:H,MATCH(B62,Base!A:A,0)),"N° Serial")} -> 02TGPXDX700267R | G62: Serpentida da evaporadora | H62: Não
A63: {=IFERROR(TEXT(INDEX(Base!E:E,MATCH(B63,Base!A:A,0)),"mm.dd.yyyy"),"mm.dd.yyyy")} -> 12.19.2025 | B63: 4174748994 | C63: {=IFERROR(INDEX(Base!I:I,MATCH(B63,Base!A:A,0)),"Nome do Cliente")} -> Eliane Vignatti Avancini | D63: {=IFERROR(INDEX(Base!F:F,MATCH(B63,Base!A:A,0)),"Tipo do serv.")} -> Em Domicílio | E63: {=IFERROR(INDEX(Base!G:G,MATCH(B63,Base!A:A,0)),"Modelo da Cond.")} -> AC048TN4DKC/AZ | F63: {=IFERROR(INDEX(Base!H:H,MATCH(B63,Base!A:A,0)),"N° Serial")} -> BF09P3HW800039W | G63: placas referentes a condensadora de modelo AC048TXADKC/AZ | H63: Não
A64: {=IFERROR(TEXT(INDEX(Base!E:E,MATCH(B64,Base!A:A,0)),"mm.dd.yyyy"),"mm.dd.yyyy")} -> 07.04.2026 | B64: 4175535399 | C64: {=IFERROR(INDEX(Base!I:I,MATCH(B64,Base!A:A,0)),"Nome do Cliente")} -> Diogo Sesti | D64: {=IFERROR(INDEX(Base!F:F,MATCH(B64,Base!A:A,0)),"Tipo do serv.")} -> Em Domicílio | E64: {=IFERROR(INDEX(Base!G:G,MATCH(B64,Base!A:A,0)),"Modelo da Cond.")} -> AR24DXFAAWKXAZ | F64: {=IFERROR(INDEX(Base!H:H,MATCH(B64,Base!A:A,0)),"N° Serial")} -> 033QPXBY200357R | G64: Serpentina da evaporadora | H64: Não
A65: {=IFERROR(TEXT(INDEX(Base!E:E,MATCH(B65,Base!A:A,0)),"mm.dd.yyyy"),"mm.dd.yyyy")} -> 01.14.2026 | B65: 4174925640 | C65: {=IFERROR(INDEX(Base!I:I,MATCH(B65,Base!A:A,0)),"Nome do Cliente")} -> Thiago Nascimento Pontes | D65: {=IFERROR(INDEX(Base!F:F,MATCH(B65,Base!A:A,0)),"Tipo do serv.")} -> Em Domicílio | E65: {=IFERROR(INDEX(Base!G:G,MATCH(B65,Base!A:A,0)),"Modelo da Cond.")} -> AJ100DXJ5KH/AZ | F65: {=IFERROR(INDEX(Base!H:H,MATCH(B65,Base!A:A,0)),"N° Serial")} -> 0344PXBY500159H | G65: placa da evaporadora de S/N: 0343PXAXA00021M | H65: Não
A66: {=IFERROR(TEXT(INDEX(Base!E:E,MATCH(B66,Base!A:A,0)),"mm.dd.yyyy"),"mm.dd.yyyy")} -> 01.19.2026 | B66: 4174960583 | C66: {=IFERROR(INDEX(Base!I:I,MATCH(B66,Base!A:A,0)),"Nome do Cliente")} -> William Robert Nahra Filho | D66: {=IFERROR(INDEX(Base!F:F,MATCH(B66,Base!A:A,0)),"Tipo do serv.")} -> Em Domicílio | E66: {=IFERROR(INDEX(Base!G:G,MATCH(B66,Base!A:A,0)),"Modelo da Cond.")} -> AC024DN4DKG/AZ | F66: {=IFERROR(INDEX(Base!H:H,MATCH(B66,Base!A:A,0)),"N° Serial")} -> 030FPXAX200036P | G66: sensor de Room Temp | H66: Não
A67: {=IFERROR(TEXT(INDEX(Base!E:E,MATCH(B67,Base!A:A,0)),"mm.dd.yyyy"),"mm.dd.yyyy")} -> 06.03.2026 | B67: 4175310816 | C67: {=IFERROR(INDEX(Base!I:I,MATCH(B67,Base!A:A,0)),"Nome do Cliente")} -> Enzo Sarolli vilar | D67: {=IFERROR(INDEX(Base!F:F,MATCH(B67,Base!A:A,0)),"Tipo do serv.")} -> Em Domicílio | E67: {=IFERROR(INDEX(Base!G:G,MATCH(B67,Base!A:A,0)),"Modelo da Cond.")} -> AC018DXADKG/AZ | F67: {=IFERROR(INDEX(Base!H:H,MATCH(B67,Base!A:A,0)),"N° Serial")} -> 030DPXBY900054V | G67: conjunto de placas da condensadora e o Sensor OLP
A68: {=IFERROR(TEXT(INDEX(Base!E:E,MATCH(B68,Base!A:A,0)),"mm.dd.yyyy"),"mm.dd.yyyy")} -> 03.03.2026 | B68: 4175285640 | C68: {=IFERROR(INDEX(Base!I:I,MATCH(B68,Base!A:A,0)),"Nome do Cliente")} -> MICHELLE TAWIL ZEIN | D68: {=IFERROR(INDEX(Base!F:F,MATCH(B68,Base!A:A,0)),"Tipo do serv.")} -> Em Domicílio | E68: {=IFERROR(INDEX(Base!G:G,MATCH(B68,Base!A:A,0)),"Modelo da Cond.")} -> AJ050AXJ2KH/AZ | F68: {=IFERROR(INDEX(Base!H:H,MATCH(B68,Base!A:A,0)),"N° Serial")} -> 02TGPXBX600281Z | G68: Serpentina da evaporadora
A69: {=IFERROR(TEXT(INDEX(Base!E:E,MATCH(B69,Base!A:A,0)),"mm.dd.yyyy"),"mm.dd.yyyy")} -> 01.16.2026 | B69: 4174947209 | C69: {=IFERROR(INDEX(Base!I:I,MATCH(B69,Base!A:A,0)),"Nome do Cliente")} -> Mathias Braga | D69: {=IFERROR(INDEX(Base!F:F,MATCH(B69,Base!A:A,0)),"Tipo do serv.")} -> Em Domicílio | E69: {=IFERROR(INDEX(Base!G:G,MATCH(B69,Base!A:A,0)),"Modelo da Cond.")} -> AJ035ANAPKH2AZ | F69: {=IFERROR(INDEX(Base!H:H,MATCH(B69,Base!A:A,0)),"N° Serial")} -> M000
A70: {=IFERROR(TEXT(INDEX(Base!E:E,MATCH(B70,Base!A:A,0)),"mm.dd.yyyy"),"mm.dd.yyyy")} -> mm.dd.yyyy | C70: {=IFERROR(INDEX(Base!I:I,MATCH(B70,Base!A:A,0)),"Nome do Cliente")} -> Nome do Cliente | D70: {=IFERROR(INDEX(Base!F:F,MATCH(B70,Base!A:A,0)),"Tipo do serv.")} -> Tipo do serv. | E70: {=IFERROR(INDEX(Base!G:G,MATCH(B70,Base!A:A,0)),"Modelo da Cond.")} -> Modelo da Cond. | F70: {=IFERROR(INDEX(Base!H:H,MATCH(B70,Base!A:A,0)),"N° Serial")} -> N° Serial
A71: {=IFERROR(TEXT(INDEX(Base!E:E,MATCH(B71,Base!A:A,0)),"mm.dd.yyyy"),"mm.dd.yyyy")} -> mm.dd.yyyy | C71: {=IFERROR(INDEX(Base!I:I,MATCH(B71,Base!A:A,0)),"Nome do Cliente")} -> Nome do Cliente | D71: {=IFERROR(INDEX(Base!F:F,MATCH(B71,Base!A:A,0)),"Tipo do serv.")} -> Tipo do serv. | E71: {=IFERROR(INDEX(Base!G:G,MATCH(B71,Base!A:A,0)),"Modelo da Cond.")} -> Modelo da Cond. | F71: {=IFERROR(INDEX(Base!H:H,MATCH(B71,Base!A:A,0)),"N° Serial")} -> N° Serial
A72: {=IFERROR(TEXT(INDEX(Base!E:E,MATCH(B72,Base!A:A,0)),"mm.dd.yyyy"),"mm.dd.yyyy")} -> mm.dd.yyyy | C72: {=IFERROR(INDEX(Base!I:I,MATCH(B72,Base!A:A,0)),"Nome do Cliente")} -> Nome do Cliente | D72: {=IFERROR(INDEX(Base!F:F,MATCH(B72,Base!A:A,0)),"Tipo do serv.")} -> Tipo do serv. | E72: {=IFERROR(INDEX(Base!G:G,MATCH(B72,Base!A:A,0)),"Modelo da Cond.")} -> Modelo da Cond. | F72: {=IFERROR(INDEX(Base!H:H,MATCH(B72,Base!A:A,0)),"N° Serial")} -> N° Serial
A73: {=IFERROR(TEXT(INDEX(Base!E:E,MATCH(B73,Base!A:A,0)),"mm.dd.yyyy"),"mm.dd.yyyy")} -> mm.dd.yyyy | C73: {=IFERROR(INDEX(Base!I:I,MATCH(B73,Base!A:A,0)),"Nome do Cliente")} -> Nome do Cliente | D73: {=IFERROR(INDEX(Base!F:F,MATCH(B73,Base!A:A,0)),"Tipo do serv.")} -> Tipo do serv. | E73: {=IFERROR(INDEX(Base!G:G,MATCH(B73,Base!A:A,0)),"Modelo da Cond.")} -> Modelo da Cond. | F73: {=IFERROR(INDEX(Base!H:H,MATCH(B73,Base!A:A,0)),"N° Serial")} -> N° Serial
A74: {=IFERROR(TEXT(INDEX(Base!E:E,MATCH(B74,Base!A:A,0)),"mm.dd.yyyy"),"mm.dd.yyyy")} -> mm.dd.yyyy | C74: {=IFERROR(INDEX(Base!I:I,MATCH(B74,Base!A:A,0)),"Nome do Cliente")} -> Nome do Cliente | D74: {=IFERROR(INDEX(Base!F:F,MATCH(B74,Base!A:A,0)),"Tipo do serv.")} -> Tipo do serv. | E74: {=IFERROR(INDEX(Base!G:G,MATCH(B74,Base!A:A,0)),"Modelo da Cond.")} -> Modelo da Cond. | F74: {=IFERROR(INDEX(Base!H:H,MATCH(B74,Base!A:A,0)),"N° Serial")} -> N° Serial
A75: {=IFERROR(TEXT(INDEX(Base!E:E,MATCH(B75,Base!A:A,0)),"mm.dd.yyyy"),"mm.dd.yyyy")} -> mm.dd.yyyy | C75: {=IFERROR(INDEX(Base!I:I,MATCH(B75,Base!A:A,0)),"Nome do Cliente")} -> Nome do Cliente | D75: {=IFERROR(INDEX(Base!F:F,MATCH(B75,Base!A:A,0)),"Tipo do serv.")} -> Tipo do serv. | E75: {=IFERROR(INDEX(Base!G:G,MATCH(B75,Base!A:A,0)),"Modelo da Cond.")} -> Modelo da Cond. | F75: {=IFERROR(INDEX(Base!H:H,MATCH(B75,Base!A:A,0)),"N° Serial")} -> N° Serial
A76: {=IFERROR(TEXT(INDEX(Base!E:E,MATCH(B76,Base!A:A,0)),"mm.dd.yyyy"),"mm.dd.yyyy")} -> mm.dd.yyyy | C76: {=IFERROR(INDEX(Base!I:I,MATCH(B76,Base!A:A,0)),"Nome do Cliente")} -> Nome do Cliente | D76: {=IFERROR(INDEX(Base!F:F,MATCH(B76,Base!A:A,0)),"Tipo do serv.")} -> Tipo do serv. | E76: {=IFERROR(INDEX(Base!G:G,MATCH(B76,Base!A:A,0)),"Modelo da Cond.")} -> Modelo da Cond. | F76: {=IFERROR(INDEX(Base!H:H,MATCH(B76,Base!A:A,0)),"N° Serial")} -> N° Serial
A77: {=IFERROR(TEXT(INDEX(Base!E:E,MATCH(B77,Base!A:A,0)),"mm.dd.yyyy"),"mm.dd.yyyy")} -> mm.dd.yyyy | C77: {=IFERROR(INDEX(Base!I:I,MATCH(B77,Base!A:A,0)),"Nome do Cliente")} -> Nome do Cliente | D77: {=IFERROR(INDEX(Base!F:F,MATCH(B77,Base!A:A,0)),"Tipo do serv.")} -> Tipo do serv. | E77: {=IFERROR(INDEX(Base!G:G,MATCH(B77,Base!A:A,0)),"Modelo da Cond.")} -> Modelo da Cond. | F77: {=IFERROR(INDEX(Base!H:H,MATCH(B77,Base!A:A,0)),"N° Serial")} -> N° Serial
A78: {=IFERROR(TEXT(INDEX(Base!E:E,MATCH(B78,Base!A:A,0)),"mm.dd.yyyy"),"mm.dd.yyyy")} -> mm.dd.yyyy | C78: {=IFERROR(INDEX(Base!I:I,MATCH(B78,Base!A:A,0)),"Nome do Cliente")} -> Nome do Cliente | D78: {=IFERROR(INDEX(Base!F:F,MATCH(B78,Base!A:A,0)),"Tipo do serv.")} -> Tipo do serv. | E78: {=IFERROR(INDEX(Base!G:G,MATCH(B78,Base!A:A,0)),"Modelo da Cond.")} -> Modelo da Cond. | F78: {=IFERROR(INDEX(Base!H:H,MATCH(B78,Base!A:A,0)),"N° Serial")} -> N° Serial

Sheet Banco de Informações OSs Cancel
A1: Data de Abertura | B1: OS | C1: Nome do Cliente | D1: Tipo do serviço | E1: Modelo da Condensadora / Evaporadora | F1: N° de série | G1: Agendado? | H1: Data da Visita | I1: Peça Nescessária? | J1: Peça Solicitada? | K1: Peça em Estoque? | L1: Necessita Retorno? | M1: Retorno Agendado? | N1: Data da 2° Visita | O1: Peça Nescessária para Retorno? | P1: Peça Solicitada para Retorno? | Q1: Peça em Estoque para Retorno? | R1: Toda Documentação está disponível? | S1: SAW ( Extra Man ) | T1: SAW ( KM ) | U1: N° GA (SÓ PARA AM) | V1: Data da Finalização OS | W1: Analista | X1: Observações
A2: {=IFERROR(TEXT(INDEX(Base!E:E,MATCH(B2,Base!A:A,0)),"mm.dd.yyyy"),"mm.dd.yyyy")} -> mm.dd.yyyy | C2: {=IFERROR(INDEX(Base!I:I,MATCH(B2,Base!A:A,0)),"Nome do Cliente")} -> Nome do Cliente | D2: {=IFERROR(INDEX(Base!F:F,MATCH(B2,Base!A:A,0)),"Tipo do serv.")} -> Tipo do serv. | E2: {=IFERROR(INDEX(Base!G:G,MATCH(B2,Base!A:A,0)),"Modelo da Cond.")} -> Modelo da Cond. | F2: {=IFERROR(INDEX(Base!H:H,MATCH(B2,Base!A:A,0)),"N° Serial")} -> N° Serial | G2: FALSE | I2: Não | J2: Não | K2: Não | L2: Não | M2: FALSE | O2: Não | P2: Não | Q2: Não | R2: Não | S2: Não iniciado | T2: Não iniciado
A3: {=IFERROR(TEXT(INDEX(Base!E:E,MATCH(B3,Base!A:A,0)),"mm.dd.yyyy"),"mm.dd.yyyy")} -> mm.dd.yyyy | C3: {=IFERROR(INDEX(Base!I:I,MATCH(B3,Base!A:A,0)),"Nome do Cliente")} -> Nome do Cliente | D3: {=IFERROR(INDEX(Base!F:F,MATCH(B3,Base!A:A,0)),"Tipo do serv.")} -> Tipo do serv. | E3: {=IFERROR(INDEX(Base!G:G,MATCH(B3,Base!A:A,0)),"Modelo da Cond.")} -> Modelo da Cond. | F3: {=IFERROR(INDEX(Base!H:H,MATCH(B3,Base!A:A,0)),"N° Serial")} -> N° Serial | G3: FALSE | I3: Não | J3: Não | K3: Não | L3: Não | M3: FALSE | O3: Não | P3: Não | Q3: Não | R3: Não | S3: Não iniciado | T3: Não iniciado
A4: {=IFERROR(TEXT(INDEX(Base!E:E,MATCH(B4,Base!A:A,0)),"mm.dd.yyyy"),"mm.dd.yyyy")} -> mm.dd.yyyy | C4: {=IFERROR(INDEX(Base!I:I,MATCH(B4,Base!A:A,0)),"Nome do Cliente")} -> Nome do Cliente | D4: {=IFERROR(INDEX(Base!F:F,MATCH(B4,Base!A:A,0)),"Tipo do serv.")} -> Tipo do serv. | E4: {=IFERROR(INDEX(Base!G:G,MATCH(B4,Base!A:A,0)),"Modelo da Cond.")} -> Modelo da Cond. | F4: {=IFERROR(INDEX(Base!H:H,MATCH(B4,Base!A:A,0)),"N° Serial")} -> N° Serial | G4: FALSE | I4: Não | J4: Não | K4: Não | L4: Não | M4: FALSE | O4: Não | P4: Não | Q4: Não | R4: Não | S4: Não iniciado | T4: Não iniciado
A5: {=IFERROR(TEXT(INDEX(Base!E:E,MATCH(B5,Base!A:A,0)),"mm.dd.yyyy"),"mm.dd.yyyy")} -> mm.dd.yyyy | C5: {=IFERROR(INDEX(Base!I:I,MATCH(B5,Base!A:A,0)),"Nome do Cliente")} -> Nome do Cliente | D5: {=IFERROR(INDEX(Base!F:F,MATCH(B5,Base!A:A,0)),"Tipo do serv.")} -> Tipo do serv. | E5: {=IFERROR(INDEX(Base!G:G,MATCH(B5,Base!A:A,0)),"Modelo da Cond.")} -> Modelo da Cond. | F5: {=IFERROR(INDEX(Base!H:H,MATCH(B5,Base!A:A,0)),"N° Serial")} -> N° Serial | G5: FALSE | I5: Não | J5: Não | K5: Não | L5: Não | M5: FALSE | O5: Não | P5: Não | Q5: Não | R5: Não | S5: Não iniciado | T5: Não iniciado
A6: {=IFERROR(TEXT(INDEX(Base!E:E,MATCH(B6,Base!A:A,0)),"mm.dd.yyyy"),"mm.dd.yyyy")} -> mm.dd.yyyy | C6: {=IFERROR(INDEX(Base!I:I,MATCH(B6,Base!A:A,0)),"Nome do Cliente")} -> Nome do Cliente | D6: {=IFERROR(INDEX(Base!F:F,MATCH(B6,Base!A:A,0)),"Tipo do serv.")} -> Tipo do serv. | E6: {=IFERROR(INDEX(Base!G:G,MATCH(B6,Base!A:A,0)),"Modelo da Cond.")} -> Modelo da Cond. | F6: {=IFERROR(INDEX(Base!H:H,MATCH(B6,Base!A:A,0)),"N° Serial")} -> N° Serial | G6: FALSE | I6: Não | J6: Não | K6: Não | L6: Não | M6: FALSE | O6: Não | P6: Não | Q6: Não | R6: Não | S6: Não iniciado | T6: Não iniciado
A7: {=IFERROR(TEXT(INDEX(Base!E:E,MATCH(B7,Base!A:A,0)),"mm.dd.yyyy"),"mm.dd.yyyy")} -> mm.dd.yyyy | C7: {=IFERROR(INDEX(Base!I:I,MATCH(B7,Base!A:A,0)),"Nome do Cliente")} -> Nome do Cliente | D7: {=IFERROR(INDEX(Base!F:F,MATCH(B7,Base!A:A,0)),"Tipo do serv.")} -> Tipo do serv. | E7: {=IFERROR(INDEX(Base!G:G,MATCH(B7,Base!A:A,0)),"Modelo da Cond.")} -> Modelo da Cond. | F7: {=IFERROR(INDEX(Base!H:H,MATCH(B7,Base!A:A,0)),"N° Serial")} -> N° Serial | G7: FALSE | I7: Não | J7: Não | K7: Não | L7: Não | M7: FALSE | O7: Não | P7: Não | Q7: Não | R7: Não | S7: Não iniciado | T7: Não iniciado
A8: {=IFERROR(TEXT(INDEX(Base!E:E,MATCH(B8,Base!A:A,0)),"mm.dd.yyyy"),"mm.dd.yyyy")} -> mm.dd.yyyy | C8: {=IFERROR(INDEX(Base!I:I,MATCH(B8,Base!A:A,0)),"Nome do Cliente")} -> Nome do Cliente | D8: {=IFERROR(INDEX(Base!F:F,MATCH(B8,Base!A:A,0)),"Tipo do serv.")} -> Tipo do serv. | E8: {=IFERROR(INDEX(Base!G:G,MATCH(B8,Base!A:A,0)),"Modelo da Cond.")} -> Modelo da Cond. | F8: {=IFERROR(INDEX(Base!H:H,MATCH(B8,Base!A:A,0)),"N° Serial")} -> N° Serial | G8: FALSE | I8: Não | J8: Não | K8: Não | L8: Não | M8: FALSE | O8: Não | P8: Não | Q8: Não | R8: Não | S8: Não iniciado | T8: Não iniciado
A9: {=IFERROR(TEXT(INDEX(Base!E:E,MATCH(B9,Base!A:A,0)),"mm.dd.yyyy"),"mm.dd.yyyy")} -> mm.dd.yyyy | C9: {=IFERROR(INDEX(Base!I:I,MATCH(B9,Base!A:A,0)),"Nome do Cliente")} -> Nome do Cliente | D9: {=IFERROR(INDEX(Base!F:F,MATCH(B9,Base!A:A,0)),"Tipo do serv.")} -> Tipo do serv. | E9: {=IFERROR(INDEX(Base!G:G,MATCH(B9,Base!A:A,0)),"Modelo da Cond.")} -> Modelo da Cond. | F9: {=IFERROR(INDEX(Base!H:H,MATCH(B9,Base!A:A,0)),"N° Serial")} -> N° Serial | G9: FALSE | I9: Não | J9: Não | K9: Não | L9: Não | M9: FALSE | O9: Não | P9: Não | Q9: Não | R9: Não | S9: Não iniciado | T9: Não iniciado
A10: {=IFERROR(TEXT(INDEX(Base!E:E,MATCH(B10,Base!A:A,0)),"mm.dd.yyyy"),"mm.dd.yyyy")} -> mm.dd.yyyy | C10: {=IFERROR(INDEX(Base!I:I,MATCH(B10,Base!A:A,0)),"Nome do Cliente")} -> Nome do Cliente | D10: {=IFERROR(INDEX(Base!F:F,MATCH(B10,Base!A:A,0)),"Tipo do serv.")} -> Tipo do serv. | E10: {=IFERROR(INDEX(Base!G:G,MATCH(B10,Base!A:A,0)),"Modelo da Cond.")} -> Modelo da Cond. | F10: {=IFERROR(INDEX(Base!H:H,MATCH(B10,Base!A:A,0)),"N° Serial")} -> N° Serial | G10: FALSE | I10: Não | J10: Não | K10: Não | L10: Não | M10: FALSE | O10: Não | P10: Não | Q10: Não | R10: Não | S10: Não iniciado | T10: Não iniciado
A11: {=IFERROR(TEXT(INDEX(Base!E:E,MATCH(B11,Base!A:A,0)),"mm.dd.yyyy"),"mm.dd.yyyy")} -> mm.dd.yyyy | C11: {=IFERROR(INDEX(Base!I:I,MATCH(B11,Base!A:A,0)),"Nome do Cliente")} -> Nome do Cliente | D11: {=IFERROR(INDEX(Base!F:F,MATCH(B11,Base!A:A,0)),"Tipo do serv.")} -> Tipo do serv. | E11: {=IFERROR(INDEX(Base!G:G,MATCH(B11,Base!A:A,0)),"Modelo da Cond.")} -> Modelo da Cond. | F11: {=IFERROR(INDEX(Base!H:H,MATCH(B11,Base!A:A,0)),"N° Serial")} -> N° Serial | G11: FALSE | I11: Não | J11: Não | K11: Não | L11: Não | M11: FALSE | O11: Não | P11: Não | Q11: Não | R11: Não | S11: Não iniciado | T11: Não iniciado
A12: {=IFERROR(TEXT(INDEX(Base!E:E,MATCH(B12,Base!A:A,0)),"mm.dd.yyyy"),"mm.dd.yyyy")} -> mm.dd.yyyy | C12: {=IFERROR(INDEX(Base!I:I,MATCH(B12,Base!A:A,0)),"Nome do Cliente")} -> Nome do Cliente | D12: {=IFERROR(INDEX(Base!F:F,MATCH(B12,Base!A:A,0)),"Tipo do serv.")} -> Tipo do serv. | E12: {=IFERROR(INDEX(Base!G:G,MATCH(B12,Base!A:A,0)),"Modelo da Cond.")} -> Modelo da Cond. | F12: {=IFERROR(INDEX(Base!H:H,MATCH(B12,Base!A:A,0)),"N° Serial")} -> N° Serial | G12: FALSE | I12: Não | J12: Não | K12: Não | L12: Não | M12: FALSE | O12: Não | P12: Não | Q12: Não | R12: Não | S12: Não iniciado | T12: Não iniciado
A13: {=IFERROR(TEXT(INDEX(Base!E:E,MATCH(B13,Base!A:A,0)),"mm.dd.yyyy"),"mm.dd.yyyy")} -> mm.dd.yyyy | C13: {=IFERROR(INDEX(Base!I:I,MATCH(B13,Base!A:A,0)),"Nome do Cliente")} -> Nome do Cliente | D13: {=IFERROR(INDEX(Base!F:F,MATCH(B13,Base!A:A,0)),"Tipo do serv.")} -> Tipo do serv. | E13: {=IFERROR(INDEX(Base!G:G,MATCH(B13,Base!A:A,0)),"Modelo da Cond.")} -> Modelo da Cond. | F13: {=IFERROR(INDEX(Base!H:H,MATCH(B13,Base!A:A,0)),"N° Serial")} -> N° Serial | G13: FALSE | I13: Não | J13: Não | K13: Não | L13: Não | M13: FALSE | O13: Não | P13: Não | Q13: Não | R13: Não | S13: Não iniciado | T13: Não iniciado
A14: {=IFERROR(TEXT(INDEX(Base!E:E,MATCH(B14,Base!A:A,0)),"mm.dd.yyyy"),"mm.dd.yyyy")} -> mm.dd.yyyy | C14: {=IFERROR(INDEX(Base!I:I,MATCH(B14,Base!A:A,0)),"Nome do Cliente")} -> Nome do Cliente | D14: {=IFERROR(INDEX(Base!F:F,MATCH(B14,Base!A:A,0)),"Tipo do serv.")} -> Tipo do serv. | E14: {=IFERROR(INDEX(Base!G:G,MATCH(B14,Base!A:A,0)),"Modelo da Cond.")} -> Modelo da Cond. | F14: {=IFERROR(INDEX(Base!H:H,MATCH(B14,Base!A:A,0)),"N° Serial")} -> N° Serial | G14: FALSE | I14: Não | J14: Não | K14: Não | L14: Não | M14: FALSE | O14: Não | P14: Não | Q14: Não | R14: Não | S14: Não iniciado | T14: Não iniciado
A15: {=IFERROR(TEXT(INDEX(Base!E:E,MATCH(B15,Base!A:A,0)),"mm.dd.yyyy"),"mm.dd.yyyy")} -> mm.dd.yyyy | C15: {=IFERROR(INDEX(Base!I:I,MATCH(B15,Base!A:A,0)),"Nome do Cliente")} -> Nome do Cliente | D15: {=IFERROR(INDEX(Base!F:F,MATCH(B15,Base!A:A,0)),"Tipo do serv.")} -> Tipo do serv. | E15: {=IFERROR(INDEX(Base!G:G,MATCH(B15,Base!A:A,0)),"Modelo da Cond.")} -> Modelo da Cond. | F15: {=IFERROR(INDEX(Base!H:H,MATCH(B15,Base!A:A,0)),"N° Serial")} -> N° Serial | G15: FALSE | I15: Não | J15: Não | K15: Não | L15: Não | M15: FALSE | O15: Não | P15: Não | Q15: Não | R15: Não
A16: {=IFERROR(TEXT(INDEX(Base!E:E,MATCH(B16,Base!A:A,0)),"mm.dd.yyyy"),"mm.dd.yyyy")} -> mm.dd.yyyy | C16: {=IFERROR(INDEX(Base!I:I,MATCH(B16,Base!A:A,0)),"Nome do Cliente")} -> Nome do Cliente | D16: {=IFERROR(INDEX(Base!F:F,MATCH(B16,Base!A:A,0)),"Tipo do serv.")} -> Tipo do serv. | E16: {=IFERROR(INDEX(Base!G:G,MATCH(B16,Base!A:A,0)),"Modelo da Cond.")} -> Modelo da Cond. | F16: {=IFERROR(INDEX(Base!H:H,MATCH(B16,Base!A:A,0)),"N° Serial")} -> N° Serial | G16: FALSE | I16: Não | J16: Não | K16: Não | L16: Não | M16: FALSE | O16: Não | P16: Não | Q16: Não | R16: Não
A17: {=IFERROR(TEXT(INDEX(Base!E:E,MATCH(B17,Base!A:A,0)),"mm.dd.yyyy"),"mm.dd.yyyy")} -> mm.dd.yyyy | C17: {=IFERROR(INDEX(Base!I:I,MATCH(B17,Base!A:A,0)),"Nome do Cliente")} -> Nome do Cliente | D17: {=IFERROR(INDEX(Base!F:F,MATCH(B17,Base!A:A,0)),"Tipo do serv.")} -> Tipo do serv. | E17: {=IFERROR(INDEX(Base!G:G,MATCH(B17,Base!A:A,0)),"Modelo da Cond.")} -> Modelo da Cond. | F17: {=IFERROR(INDEX(Base!H:H,MATCH(B17,Base!A:A,0)),"N° Serial")} -> N° Serial | G17: FALSE | I17: Não | J17: Não | K17: Não | L17: Não | M17: FALSE | O17: Não | P17: Não | Q17: Não | R17: Não
A18: {=IFERROR(TEXT(INDEX(Base!E:E,MATCH(B18,Base!A:A,0)),"mm.dd.yyyy"),"mm.dd.yyyy")} -> mm.dd.yyyy | C18: {=IFERROR(INDEX(Base!I:I,MATCH(B18,Base!A:A,0)),"Nome do Cliente")} -> Nome do Cliente | D18: {=IFERROR(INDEX(Base!F:F,MATCH(B18,Base!A:A,0)),"Tipo do serv.")} -> Tipo do serv. | E18: {=IFERROR(INDEX(Base!G:G,MATCH(B18,Base!A:A,0)),"Modelo da Cond.")} -> Modelo da Cond. | F18: {=IFERROR(INDEX(Base!H:H,MATCH(B18,Base!A:A,0)),"N° Serial")} -> N° Serial | G18: FALSE | I18: Não | J18: Não | K18: Não | L18: Não | M18: FALSE | O18: Não | P18: Não | Q18: Não | R18: Não
A19: {=IFERROR(TEXT(INDEX(Base!E:E,MATCH(B19,Base!A:A,0)),"mm.dd.yyyy"),"mm.dd.yyyy")} -> mm.dd.yyyy | C19: {=IFERROR(INDEX(Base!I:I,MATCH(B19,Base!A:A,0)),"Nome do Cliente")} -> Nome do Cliente | D19: {=IFERROR(INDEX(Base!F:F,MATCH(B19,Base!A:A,0)),"Tipo do serv.")} -> Tipo do serv. | E19: {=IFERROR(INDEX(Base!G:G,MATCH(B19,Base!A:A,0)),"Modelo da Cond.")} -> Modelo da Cond. | F19: {=IFERROR(INDEX(Base!H:H,MATCH(B19,Base!A:A,0)),"N° Serial")} -> N° Serial | G19: FALSE | I19: Não | J19: Não | K19: Não | L19: Não | M19: FALSE | O19: Não | P19: Não | Q19: Não | R19: Não
A20: {=IFERROR(TEXT(INDEX(Base!E:E,MATCH(B20,Base!A:A,0)),"mm.dd.yyyy"),"mm.dd.yyyy")} -> mm.dd.yyyy | C20: {=IFERROR(INDEX(Base!I:I,MATCH(B20,Base!A:A,0)),"Nome do Cliente")} -> Nome do Cliente | D20: {=IFERROR(INDEX(Base!F:F,MATCH(B20,Base!A:A,0)),"Tipo do serv.")} -> Tipo do serv. | E20: {=IFERROR(INDEX(Base!G:G,MATCH(B20,Base!A:A,0)),"Modelo da Cond.")} -> Modelo da Cond. | F20: {=IFERROR(INDEX(Base!H:H,MATCH(B20,Base!A:A,0)),"N° Serial")} -> N° Serial | G20: FALSE | I20: Não | J20: Não | K20: Não | L20: Não | M20: FALSE | O20: Não | P20: Não | Q20: Não | R20: Não
A21: {=IFERROR(TEXT(INDEX(Base!E:E,MATCH(B21,Base!A:A,0)),"mm.dd.yyyy"),"mm.dd.yyyy")} -> mm.dd.yyyy | C21: {=IFERROR(INDEX(Base!I:I,MATCH(B21,Base!A:A,0)),"Nome do Cliente")} -> Nome do Cliente | D21: {=IFERROR(INDEX(Base!F:F,MATCH(B21,Base!A:A,0)),"Tipo do serv.")} -> Tipo do serv. | E21: {=IFERROR(INDEX(Base!G:G,MATCH(B21,Base!A:A,0)),"Modelo da Cond.")} -> Modelo da Cond. | F21: {=IFERROR(INDEX(Base!H:H,MATCH(B21,Base!A:A,0)),"N° Serial")} -> N° Serial | G21: FALSE | I21: Não | J21: Não | K21: Não | L21: Não | M21: FALSE | O21: Não | P21: Não | Q21: Não | R21: Não
A22: {=IFERROR(TEXT(INDEX(Base!E:E,MATCH(B22,Base!A:A,0)),"mm.dd.yyyy"),"mm.dd.yyyy")} -> mm.dd.yyyy | C22: {=IFERROR(INDEX(Base!I:I,MATCH(B22,Base!A:A,0)),"Nome do Cliente")} -> Nome do Cliente | D22: {=IFERROR(INDEX(Base!F:F,MATCH(B22,Base!A:A,0)),"Tipo do serv.")} -> Tipo do serv. | E22: {=IFERROR(INDEX(Base!G:G,MATCH(B22,Base!A:A,0)),"Modelo da Cond.")} -> Modelo da Cond. | F22: {=IFERROR(INDEX(Base!H:H,MATCH(B22,Base!A:A,0)),"N° Serial")} -> N° Serial | G22: FALSE | I22: Não | J22: Não | K22: Não | L22: Não | M22: FALSE | O22: Não | P22: Não | Q22: Não | R22: Não
A23: {=IFERROR(TEXT(INDEX(Base!E:E,MATCH(B23,Base!A:A,0)),"mm.dd.yyyy"),"mm.dd.yyyy")} -> mm.dd.yyyy | C23: {=IFERROR(INDEX(Base!I:I,MATCH(B23,Base!A:A,0)),"Nome do Cliente")} -> Nome do Cliente | D23: {=IFERROR(INDEX(Base!F:F,MATCH(B23,Base!A:A,0)),"Tipo do serv.")} -> Tipo do serv. | E23: {=IFERROR(INDEX(Base!G:G,MATCH(B23,Base!A:A,0)),"Modelo da Cond.")} -> Modelo da Cond. | F23: {=IFERROR(INDEX(Base!H:H,MATCH(B23,Base!A:A,0)),"N° Serial")} -> N° Serial | G23: FALSE | I23: Não | J23: Não | K23: Não | L23: Não | M23: FALSE | O23: Não | P23: Não | Q23: Não | R23: Não
A24: {=IFERROR(TEXT(INDEX(Base!E:E,MATCH(B24,Base!A:A,0)),"mm.dd.yyyy"),"mm.dd.yyyy")} -> mm.dd.yyyy | C24: {=IFERROR(INDEX(Base!I:I,MATCH(B24,Base!A:A,0)),"Nome do Cliente")} -> Nome do Cliente | D24: {=IFERROR(INDEX(Base!F:F,MATCH(B24,Base!A:A,0)),"Tipo do serv.")} -> Tipo do serv. | E24: {=IFERROR(INDEX(Base!G:G,MATCH(B24,Base!A:A,0)),"Modelo da Cond.")} -> Modelo da Cond. | F24: {=IFERROR(INDEX(Base!H:H,MATCH(B24,Base!A:A,0)),"N° Serial")} -> N° Serial | G24: FALSE | I24: Não | J24: Não | K24: Não | L24: Não | M24: FALSE | O24: Não | P24: Não | Q24: Não | R24: Não
A25: {=IFERROR(TEXT(INDEX(Base!E:E,MATCH(B25,Base!A:A,0)),"mm.dd.yyyy"),"mm.dd.yyyy")} -> mm.dd.yyyy | C25: {=IFERROR(INDEX(Base!I:I,MATCH(B25,Base!A:A,0)),"Nome do Cliente")} -> Nome do Cliente | D25: {=IFERROR(INDEX(Base!F:F,MATCH(B25,Base!A:A,0)),"Tipo do serv.")} -> Tipo do serv. | E25: {=IFERROR(INDEX(Base!G:G,MATCH(B25,Base!A:A,0)),"Modelo da Cond.")} -> Modelo da Cond. | F25: {=IFERROR(INDEX(Base!H:H,MATCH(B25,Base!A:A,0)),"N° Serial")} -> N° Serial | G25: FALSE | I25: Não | J25: Não | K25: Não | L25: Não | M25: FALSE | O25: Não | P25: Não | Q25: Não | R25: Não
A26: {=IFERROR(TEXT(INDEX(Base!E:E,MATCH(B26,Base!A:A,0)),"mm.dd.yyyy"),"mm.dd.yyyy")} -> mm.dd.yyyy | C26: {=IFERROR(INDEX(Base!I:I,MATCH(B26,Base!A:A,0)),"Nome do Cliente")} -> Nome do Cliente | D26: {=IFERROR(INDEX(Base!F:F,MATCH(B26,Base!A:A,0)),"Tipo do serv.")} -> Tipo do serv. | E26: {=IFERROR(INDEX(Base!G:G,MATCH(B26,Base!A:A,0)),"Modelo da Cond.")} -> Modelo da Cond. | F26: {=IFERROR(INDEX(Base!H:H,MATCH(B26,Base!A:A,0)),"N° Serial")} -> N° Serial | G26: FALSE | I26: Não | J26: Não | K26: Não | L26: Não | M26: FALSE | O26: Não | P26: Não | Q26: Não | R26: Não
... A49: {=IFERROR(TEXT(INDEX(Base!E:E,MATCH(B49,Base!A:A,0)),"mm.dd.yyyy"),"mm.dd.yyyy")} -> mm.dd.yyyy | C49: {=IFERROR(INDEX(Base!I:I,MATCH(B49,Base!A:A,0)),"Nome do Cliente")} -> Nome do Cliente | D49: {=IFERROR(INDEX(Base!F:F,MATCH(B49,Base!A:A,0)),"Tipo do serv.")} -> Tipo do serv. | E49: {=IFERROR(INDEX(Base!G:G,MATCH(B49,Base!A:A,0)),"Modelo da Cond.")} -> Modelo da Cond. | F49: {=IFERROR(INDEX(Base!H:H,MATCH(B49,Base!A:A,0)),"N° Serial")} -> N° Serial | G49: FALSE | I49: Não | J49: Não | K49: Não | L49: Não | M49: FALSE | O49: Não | P49: Não | Q49: Não | R49: Não
A50: {=IFERROR(TEXT(INDEX(Base!E:E,MATCH(B50,Base!A:A,0)),"mm.dd.yyyy"),"mm.dd.yyyy")} -> mm.dd.yyyy | C50: {=IFERROR(INDEX(Base!I:I,MATCH(B50,Base!A:A,0)),"Nome do Cliente")} -> Nome do Cliente | D50: {=IFERROR(INDEX(Base!F:F,MATCH(B50,Base!A:A,0)),"Tipo do serv.")} -> Tipo do serv. | E50: {=IFERROR(INDEX(Base!G:G,MATCH(B50,Base!A:A,0)),"Modelo da Cond.")} -> Modelo da Cond. | F50: {=IFERROR(INDEX(Base!H:H,MATCH(B50,Base!A:A,0)),"N° Serial")} -> N° Serial | G50: FALSE | M50: FALSE
A51: {=IFERROR(TEXT(INDEX(Base!E:E,MATCH(B51,Base!A:A,0)),"mm.dd.yyyy"),"mm.dd.yyyy")} -> mm.dd.yyyy | C51: {=IFERROR(INDEX(Base!I:I,MATCH(B51,Base!A:A,0)),"Nome do Cliente")} -> Nome do Cliente | D51: {=IFERROR(INDEX(Base!F:F,MATCH(B51,Base!A:A,0)),"Tipo do serv.")} -> Tipo do serv. | E51: {=IFERROR(INDEX(Base!G:G,MATCH(B51,Base!A:A,0)),"Modelo da Cond.")} -> Modelo da Cond. | F51: {=IFERROR(INDEX(Base!H:H,MATCH(B51,Base!A:A,0)),"N° Serial")} -> N° Serial | G51: FALSE | M51: FALSE
A52: {=IFERROR(TEXT(INDEX(Base!E:E,MATCH(B52,Base!A:A,0)),"mm.dd.yyyy"),"mm.dd.yyyy")} -> mm.dd.yyyy | C52: {=IFERROR(INDEX(Base!I:I,MATCH(B52,Base!A:A,0)),"Nome do Cliente")} -> Nome do Cliente | D52: {=IFERROR(INDEX(Base!F:F,MATCH(B52,Base!A:A,0)),"Tipo do serv.")} -> Tipo do serv. | E52: {=IFERROR(INDEX(Base!G:G,MATCH(B52,Base!A:A,0)),"Modelo da Cond.")} -> Modelo da Cond. | F52: {=IFERROR(INDEX(Base!H:H,MATCH(B52,Base!A:A,0)),"N° Serial")} -> N° Serial | G52: FALSE | M52: FALSE
A53: {=IFERROR(TEXT(INDEX(Base!E:E,MATCH(B53,Base!A:A,0)),"mm.dd.yyyy"),"mm.dd.yyyy")} -> mm.dd.yyyy | C53: {=IFERROR(INDEX(Base!I:I,MATCH(B53,Base!A:A,0)),"Nome do Cliente")} -> Nome do Cliente | D53: {=IFERROR(INDEX(Base!F:F,MATCH(B53,Base!A:A,0)),"Tipo do serv.")} -> Tipo do serv. | E53: {=IFERROR(INDEX(Base!G:G,MATCH(B53,Base!A:A,0)),"Modelo da Cond.")} -> Modelo da Cond. | F53: {=IFERROR(INDEX(Base!H:H,MATCH(B53,Base!A:A,0)),"N° Serial")} -> N° Serial | G53: FALSE | M53: FALSE
A54: {=IFERROR(TEXT(INDEX(Base!E:E,MATCH(B54,Base!A:A,0)),"mm.dd.yyyy"),"mm.dd.yyyy")} -> mm.dd.yyyy | C54: {=IFERROR(INDEX(Base!I:I,MATCH(B54,Base!A:A,0)),"Nome do Cliente")} -> Nome do Cliente | D54: {=IFERROR(INDEX(Base!F:F,MATCH(B54,Base!A:A,0)),"Tipo do serv.")} -> Tipo do serv. | E54: {=IFERROR(INDEX(Base!G:G,MATCH(B54,Base!A:A,0)),"Modelo da Cond.")} -> Modelo da Cond. | F54: {=IFERROR(INDEX(Base!H:H,MATCH(B54,Base!A:A,0)),"N° Serial")} -> N° Serial | G54: FALSE | M54: FALSE
A55: {=IFERROR(TEXT(INDEX(Base!E:E,MATCH(B55,Base!A:A,0)),"mm.dd.yyyy"),"mm.dd.yyyy")} -> mm.dd.yyyy | C55: {=IFERROR(INDEX(Base!I:I,MATCH(B55,Base!A:A,0)),"Nome do Cliente")} -> Nome do Cliente | D55: {=IFERROR(INDEX(Base!F:F,MATCH(B55,Base!A:A,0)),"Tipo do serv.")} -> Tipo do serv. | E55: {=IFERROR(INDEX(Base!G:G,MATCH(B55,Base!A:A,0)),"Modelo da Cond.")} -> Modelo da Cond. | F55: {=IFERROR(INDEX(Base!H:H,MATCH(B55,Base!A:A,0)),"N° Serial")} -> N° Serial | G55: FALSE | M55: FALSE

Sheet Base
A1: Tracking No | B1: CP Code | C1: CP Name | D1: ASC Ref. No | E1: Requested Date | F1: Service Type | G1: Model Code | H1: Serial No | I1: Customer Name | J1: First Anticipated Date | L1: Está na planilha de gestão?
A2: 4175596969 | E2: 04.15.2026 | F2: Em Domicílio | G2: AJ068ANAPKH/AZ | H2: M000 | I2: Samuel Ebel Braga Ramos | J2: 00.00.0000 | L2: {=IFERROR(INDEX('Gerenciamento IH'!B:B,MATCH(A2,'Gerenciamento IH'!B:B,0)), "Não está")} -> 4175596969
A3: 4175597132 | E3: 04.15.2026 | F3: Em Domicílio | G3: AC060DXADKG/AZ | H3: 0315PXBY100125M | I3: Rogerio Henrique Zanin | J3: 00.00.0000 | L3: {=IFERROR(INDEX('Gerenciamento IH'!B:B,MATCH(A3,'Gerenciamento IH'!B:B,0)), "Não está")} -> 4175597132
A4: 4175606739 | E4: 04.16.2026 | F4: Em Domicílio | G4: AC024DXADKG/AZ | H4: M000 | I4: Amy Chaves | J4: 00.00.0000 | L4: {=IFERROR(INDEX('Gerenciamento IH'!B:B,MATCH(A4,'Gerenciamento IH'!B:B,0)), "Não está")} -> 4175606739
A5: 4175606823 | E5: 04.16.2026 | F5: Em Domicílio | G5: AM220CXVAFH/AZ | H5: 0YP0PAOX400032Z | I5: Elton José Gonsales Fontes | J5: 00.00.0000 | L5: {=IFERROR(INDEX('Gerenciamento IH'!B:B,MATCH(A5,'Gerenciamento IH'!B:B,0)), "Não está")} -> 4175606823
A6: 4175614694 | E6: 04.17.2026 | F6: Em Domicílio | G6: AM180JNHFKH/EU | H6: 0DFCPAOXA00071Z | I6: Adriano Pagni Buzaid | J6: 00.00.0000 | L6: {=IFERROR(INDEX('Gerenciamento IH'!B:B,MATCH(A6,'Gerenciamento IH'!B:B,0)), "Não está")} -> 4175614694
A7: 4175614734 | E7: 04.17.2026 | F7: Em Domicílio | G7: AM180CXVAFH/AZ | H7: 0YNYPAOXB00025R | I7: Renata Escarpelli | J7: 00.00.0000 | L7: {=IFERROR(INDEX('Gerenciamento IH'!B:B,MATCH(A7,'Gerenciamento IH'!B:B,0)), "Não está")} -> 4175614734
A8: 4175614829 | E8: 04.17.2026 | F8: Em Domicílio | G8: AM040KXMDCH/AZ | H8: 0R9JPAOX600026J | I8: Climatizar Ar condicionado eireli | J8: 00.00.0000 | L8: {=IFERROR(INDEX('Gerenciamento IH'!B:B,MATCH(A8,'Gerenciamento IH'!B:B,0)), "Não está")} -> 4175614829
A9: 4175615092 | E9: 04.17.2026 | F9: Em Domicílio | G9: AM120KXMDFH/TC | H9: 0FHNPAOW300045A | I9: Eder Henrique Gomes de Sousa | J9: 00.00.0000 | L9: {=IFERROR(INDEX('Gerenciamento IH'!B:B,MATCH(A9,'Gerenciamento IH'!B:B,0)), "Não está")} -> 4175615092
A10: 4175468447 | D10: 4175468447 | E10: 03.27.2026 | F10: Em Domicílio | G10: AJ100DXJ5KH/AZ | H10: 0344PXBYA00196A | I10: Teilor Miotto | J10: 46026 | L10: {=IFERROR(INDEX('Gerenciamento IH'!B:B,MATCH(A10,'Gerenciamento IH'!B:B,0)), "Não está")} -> 4175468447
A11: 4174601418 | D11: 4174601418 | E11: 45669 | F11: Em Domicílio | G11: AJ050AXJ2KH/AZ | H11: 02TGPXBX200299V | I11: Bruno Henrique Dannas Pelogia | J11: 46269 | L11: {=IFERROR(INDEX('Gerenciamento IH'!B:B,MATCH(A11,'Gerenciamento IH'!B:B,0)), "Não está")} -> 4174601418
A12: 4174748994 | D12: 4174748994 | E12: 12.19.2025 | F12: Em Domicílio | G12: AC048TN4DKC/AZ | H12: BF09P3HW800039W | I12: Eliane Vignatti Avancini | J12: 46026 | L12: {=IFERROR(INDEX('Gerenciamento IH'!B:B,MATCH(A12,'Gerenciamento IH'!B:B,0)), "Não está")} -> 4174748994
A13: 4174925640 | D13: 4174925640 | E13: 01.14.2026 | F13: Em Domicílio | G13: AJ100DXJ5KH/AZ | H13: 0344PXBY500159H | I13: Thiago Nascimento Pontes | J13: 46269 | L13: {=IFERROR(INDEX('Gerenciamento IH'!B:B,MATCH(A13,'Gerenciamento IH'!B:B,0)), "Não está")} -> 4174925640
A14: 4175055482 | D14: 4175055482 | E14: 01.30.2026 | F14: Em Domicílio | G14: AJ050AXJ2KH/AZ | H14: 02TGPXBX100547H | I14: Patrick De Moura Sousa | J14: 03.19.2026 | L14: {=IFERROR(INDEX('Gerenciamento IH'!B:B,MATCH(A14,'Gerenciamento IH'!B:B,0)), "Não está")} -> 4175055482
A15: 4175055496 | D15: 4175055496 | E15: 01.30.2026 | F15: Em Domicílio | G15: AC018DXADKG/AZ | H15: 030DPXBY200141N | I15: Luka Marques De Araujo | J15: 03.19.2026 | L15: {=IFERROR(INDEX('Gerenciamento IH'!B:B,MATCH(A15,'Gerenciamento IH'!B:B,0)), "Não está")} -> 4175055496
A16: 4175068842 | D16: 4175068842 | E16: 46055 | F16: Em Domicílio | G16: AJ100AXJ5KH/AZ | H16: BLK6P3CX400095V | I16: GABRIELA LUCIANO BORRI ARANDA | J16: 46026 | L16: {=IFERROR(INDEX('Gerenciamento IH'!B:B,MATCH(A16,'Gerenciamento IH'!B:B,0)), "Não está")} -> 4175068842
A17: 4175087864 | D17: 4175087864 | E17: 46114 | F17: Em Domicílio | G17: AJ035ANAPKH2AZ | H17: 0322PXCXC00229K | I17: Marcelo Giovani Bernardino p | J17: 03.19.2026 | L17: {=IFERROR(INDEX('Gerenciamento IH'!B:B,MATCH(A17,'Gerenciamento IH'!B:B,0)), "Não está")} -> 4175087864
A18: 4175133973 | D18: 4175133973 | E18: 46297 | F18: Em Domicílio | G18: AC036DN6DKG/AZ | H18: 030LPXAY600045E | I18: IVAN ANTONIO ARALDI | J18: 04.14.2026 | L18: {=IFERROR(INDEX('Gerenciamento IH'!B:B,MATCH(A18,'Gerenciamento IH'!B:B,0)), "Não está")} -> 4175133973
A19: 4175136738 | D19: 4175136738 | E19: 46297 | F19: Em Domicílio | G19: AJ017NCJ2CH/AZ | H19: M000 | I19: Paulo Corigliano | J19: 03.30.2026 | L19: {=IFERROR(INDEX('Gerenciamento IH'!B:B,MATCH(A19,'Gerenciamento IH'!B:B,0)), "Não está")} -> 4175136738
A20: 4175138155 | D20: 4175138155 | E20: 46297 | F20: Em Domicílio | G20: AJ025ANAPKH2AZ | H20: 0321PXCX800707J | I20: EDSON DE ARAUJO CORREIA | J20: 03.19.2026 | L20: {=IFERROR(INDEX('Gerenciamento IH'!B:B,MATCH(A20,'Gerenciamento IH'!B:B,0)), "Não está")} -> 4175138155
A21: 4175145496 | D21: 4175145496 | E21: 46328 | F21: Em Domicílio | G21: AJ080AXJ4KH/AZ | H21: 02TMPXBXC00056P | I21: ORPEC ENGENHARIA IND E COM LTDA | J21: 03.16.2026 | L21: {=IFERROR(INDEX('Gerenciamento IH'!B:B,MATCH(A21,'Gerenciamento IH'!B:B,0)), "Não está")} -> 4175145496
A22: 4175147929 | D22: 4175147929 | E22: 46328 | F22: Em Domicílio | G22: AC024DXADKG/AZ | H22: M000 | I22: Leonardo Biar | J22: 03.20.2026 | L22: {=IFERROR(INDEX('Gerenciamento IH'!B:B,MATCH(A22,'Gerenciamento IH'!B:B,0)), "Não está")} -> 4175147929
A23: 4175154735 | D23: 4175154735 | E23: 46358 | F23: Em Domicílio | G23: AJ050ANAPKH2AZ | H23: 0323PXCX500031P | I23: Jorge Pereira | J23: 04.16.2026 | L23: {=IFERROR(INDEX('Gerenciamento IH'!B:B,MATCH(A23,'Gerenciamento IH'!B:B,0)), "Não está")} -> 4175154735
A24: 4175154947 | D24: 4175154947 | E24: 46358 | F24: Em Domicílio | G24: AC018DN1DKG/AZ | H24: 0309PXAXA00381Y | I24: ALEXANDRE HENRIQUE JUNG | J24: 03.19.2026 | L24: {=IFERROR(INDEX('Gerenciamento IH'!B:B,MATCH(A24,'Gerenciamento IH'!B:B,0)), "Não está")} -> 4175154947
A25: 4175156356 | D25: 4175156356 | E25: 46358 | F25: Em Domicílio | G25: AJ068AXJ3KH/AZ | H25: M000 | I25: JARBAS LONGARAY GONCALVES | J25: 03.25.2026 | L25: {=IFERROR(INDEX('Gerenciamento IH'!B:B,MATCH(A25,'Gerenciamento IH'!B:B,0)), "Não está")} -> 4175156356
A26: 4175157549 | D26: 4175157549 | E26: 46358 | F26: Em Domicílio | G26: AJ050AXJ2KH/AZ | H26: 02TGPXBX600298Y | I26: BRUNO LEONARDO FERREIRA | J26: 03.16.2026 | L26: {=IFERROR(INDEX('Gerenciamento IH'!B:B,MATCH(A26,'Gerenciamento IH'!B:B,0)), "Não está")} -> 4175157549
A27: 4175166403 | D27: 4175166403 | E27: 02.13.2026 | F27: Em Domicílio | G27: AJ068AXJ3KH/AZ | H27: M000 | I27: Sérgio Lima | J27: 04.14.2026 | L27: {=IFERROR(INDEX('Gerenciamento IH'!B:B,MATCH(A27,'Gerenciamento IH'!B:B,0)), "Não está")} -> 4175166403
A28: 4175199815 | D28: 4175199815 | E28: 02.19.2026 | F28: Em Domicílio | G28: AJ068AXJ3KH/AZ | H28: 02TKPXBX800038K | I28: Fabricio Passadore de Oliveir | J28: 03.19.2026 | L28: {=IFERROR(INDEX('Gerenciamento IH'!B:B,MATCH(A28,'Gerenciamento IH'!B:B,0)), "Não está")} -> 4175199815
A29: 4175209715 | D29: 4175209715 | E29: 02.20.2026 | F29: Em Domicílio | G29: AJ052DN1DKH2AZ | H29: M000 | I29: Thales Cardoso | J29: 46269 | L29: {=IFERROR(INDEX('Gerenciamento IH'!B:B,MATCH(A29,'Gerenciamento IH'!B:B,0)), "Não está")} -> 4175209715
A30: 4175256827 | D30: 4175256827 | E30: 02.26.2026 | F30: Em Domicílio | G30: AM070TXMDKH/AZ | H30: 0VMXPAOT700052B | I30: Lorena De Souza cordeiro | J30: 03.23.2026 | L30: {=IFERROR(INDEX('Gerenciamento IH'!B:B,MATCH(A30,'Gerenciamento IH'!B:B,0)), "Não está")} -> 4175256827
A31: 4175285222 | D31: 4175285222 | E31: 46084 | F31: Em Domicílio | G31: AJ050ANAPKH2AZ | H31: 0323PXCXC00327D | I31: Adriano Da Silva Moura | J31: 03.19.2026 | L31: {=IFERROR(INDEX('Gerenciamento IH'!B:B,MATCH(A31,'Gerenciamento IH'!B:B,0)), "Não está")} -> 4175285222
A32: 4175285321 | D32: 4175285321 | E32: 46084 | F32: Em Domicílio | G32: AJ035ANAPKH/AZ | H32: 02TEPXAX200408N | I32: GABRIELA TIMICH | J32: 03.19.2026 | L32: {=IFERROR(INDEX('Gerenciamento IH'!B:B,MATCH(A32,'Gerenciamento IH'!B:B,0)), "Não está")} -> 4175285321
A33: 4175285535 | D33: 4175285535 | E33: 46084 | F33: Em Domicílio | G33: AJ080AXJ4KH/AZ | H33: 02TMPXBX900360H | I33: ANGELITA PRISCILA MARQUES | J33: 03.19.2026 | L33: {=IFERROR(INDEX('Gerenciamento IH'!B:B,MATCH(A33,'Gerenciamento IH'!B:B,0)), "Não está")} -> 4175285535
A34: 4175285585 | D34: 4175285585 | E34: 46084 | F34: Em Domicílio | G34: AC036DXADKG/AZ | H34: 030RPXBXA00040H | I34: MARISTELA CALDERARI | J34: 46298 | L34: {=IFERROR(INDEX('Gerenciamento IH'!B:B,MATCH(A34,'Gerenciamento IH'!B:B,0)), "Não está")} -> 4175285585
A35: 4175285640 | D35: 4175285640 | E35: 46084 | F35: Em Domicílio | G35: AJ050AXJ2KH/AZ | H35: 02TGPXBX600281Z | I35: MICHELLE TAWIL ZEIN | J35: 04.17.2026 | L35: {=IFERROR(INDEX('Gerenciamento IH'!B:B,MATCH(A35,'Gerenciamento IH'!B:B,0)), "Não está")} -> 4175285640
A36: 4175286114 | D36: 4175286114 | E36: 46084 | F36: Em Domicílio | G36: AC018DN4DKG/AZ | H36: 030APXAXC00047B | I36: Luiz Pannuti Carra | J36: 03.19.2026 | L36: {=IFERROR(INDEX('Gerenciamento IH'!B:B,MATCH(A36,'Gerenciamento IH'!B:B,0)), "Não está")} -> 4175286114
A37: 4175295259 | D37: 4175295259 | E37: 46115 | F37: Em Domicílio | G37: AJ100AXJ5KH/AZ | H37: BLK6P3CX300023L | I37: Fabiane F. Cauneto | J37: 03.19.2026 | L37: {=IFERROR(INDEX('Gerenciamento IH'!B:B,MATCH(A37,'Gerenciamento IH'!B:B,0)), "Não está")} -> 4175295259
A38: 4175295815 | D38: 4175295815 | E38: 46115 | F38: Em Domicílio | G38: AJ100AXJ5KH/AZ | H38: BLK6P3CWC00059V | I38: Fabiane F. Cauneto | J38: 03.19.2026 | L38: {=IFERROR(INDEX('Gerenciamento IH'!B:B,MATCH(A38,'Gerenciamento IH'!B:B,0)), "Não está")} -> 4175295815
A39: 4175296585 | D39: 4175296585 | E39: 46115 | F39: Em Domicílio | G39: AC024DN1DKG/AZ | H39: 030EPXAY600061E | I39: Tania Popow Evangelista | J39: 03.19.2026 | L39: {=IFERROR(INDEX('Gerenciamento IH'!B:B,MATCH(A39,'Gerenciamento IH'!B:B,0)), "Não está")} -> 4175296585
A40: 4175303528 | D40: 4175303528 | E40: 46145 | F40: Em Domicílio | G40: AJ100AXJ5KH/AZ | H40: M000 | I40: MARIA DE FATIMA GIRARD REI | J40: 04.17.2026 | L40: {=IFERROR(INDEX('Gerenciamento IH'!B:B,MATCH(A40,'Gerenciamento IH'!B:B,0)), "Não está")} -> 4175303528
A41: 4175303631 | D41: 4175303631 | E41: 46145 | F41: Em Domicílio | G41: AJ050ANAPKH2AZ | H41: M000 | I41: Joyce Pereira Santos | J41: 03.19.2026 | L41: {=IFERROR(INDEX('Gerenciamento IH'!B:B,MATCH(A41,'Gerenciamento IH'!B:B,0)), "Não está")} -> 4175303631
A42: 4175304244 | D42: 4175304244 | E42: 46145 | F42: Em Domicílio | G42: MXD-A40K100E | H42: M000 | I42: VICENTE DE PAULA CRUZ | J42: 03.19.2026 | L42: {=IFERROR(INDEX('Gerenciamento IH'!B:B,MATCH(A42,'Gerenciamento IH'!B:B,0)), "Não está")} -> 4175304244
A43: 4175305399 | D43: 4175305399 | E43: 46145 | F43: Em Domicílio | G43: AJ080AXJ4KH/AZ | H43: M000 | I43: Israel Valentim Alves | J43: 03.19.2026 | L43: {=IFERROR(INDEX('Gerenciamento IH'!B:B,MATCH(A43,'Gerenciamento IH'!B:B,0)), "Não está")} -> 4175305399
A44: 4175306414 | D44: 4175306414 | E44: 46145 | F44: Em Domicílio | G44: AJ052TNNDKH/EA | H44: 0V4APAGXC00005R | I44: Andressa Gildin | J44: 46207 | L44: {=IFERROR(INDEX('Gerenciamento IH'!B:B,MATCH(A44,'Gerenciamento IH'!B:B,0)), "Não está")} -> 4175306414
A45: 4175306709 | D45: 4175306709 | E45: 46145 | F45: Em Domicílio | G45: AJ025ANAPKH2AZ | H45: 0321PXCX500215J | I45: Solange De Lima Gois | J45: 03.19.2026 | L45: {=IFERROR(INDEX('Gerenciamento IH'!B:B,MATCH(A45,'Gerenciamento IH'!B:B,0)), "Não está")} -> 4175306709
A46: 4175306797 | D46: 4175306797 | E46: 46145 | F46: Em Domicílio | G46: AJ068AXJ3KH/AZ | H46: 02TKPXBY100137B | I46: Rogerio Bezerra Salvaia | J46: 03.19.2026 | L46: {=IFERROR(INDEX('Gerenciamento IH'!B:B,MATCH(A46,'Gerenciamento IH'!B:B,0)), "Não está")} -> 4175306797
A47: 4175306888 | D47: 4175306888 | E47: 46145 | F47: Em Domicílio | G47: AC048DXADKG/AZ | H47: 030YPXBY600192V | I47: LORENA VISENTAINER | J47: 46177 | L47: {=IFERROR(INDEX('Gerenciamento IH'!B:B,MATCH(A47,'Gerenciamento IH'!B:B,0)), "Não está")} -> 4175306888
A48: 4175310816 | D48: 4175310816 | E48: 46176 | F48: Em Domicílio | G48: AC018DXADKG/AZ | H48: 030DPXBY900054V | I48: Enzo Sarolli vilar | J48: 03.19.2026 | L48: {=IFERROR(INDEX('Gerenciamento IH'!B:B,MATCH(A48,'Gerenciamento IH'!B:B,0)), "Não está")} -> 4175310816
A49: 4175310924 | D49: 4175310924 | E49: 46176 | F49: Em Domicílio | G49: AJ050AXJ2KH/AZ | H49: 02TGPXBY400239V | I49: CONCEITO BRASIL ENGENHARIA LTDA | J49: 04.16.2026 | L49: {=IFERROR(INDEX('Gerenciamento IH'!B:B,MATCH(A49,'Gerenciamento IH'!B:B,0)), "Não está")} -> 4175310924
A50: 4175314320 | D50: 4175314320 | E50: 46176 | F50: Em Domicílio | G50: AJ025ANAPKH2AZ | H50: 0321PXAX600180M | I50: FERNANDO DANTAS MANOEL | J50: 46269 | L50: {=IFERROR(INDEX('Gerenciamento IH'!B:B,MATCH(A50,'Gerenciamento IH'!B:B,0)), "Não está")} -> 4175314320
A51: 4175315062 | D51: 4175315062 | E51: 46176 | F51: Em Domicílio | G51: AJ025ANAPKH/AZ | H51: 02TDPXCXC00192Y | I51: Adilson Peruchi | J51: 03.19.2026 | L51: {=IFERROR(INDEX('Gerenciamento IH'!B:B,MATCH(A51,'Gerenciamento IH'!B:B,0)), "Não está")} -> 4175315062
A52: 4175327831 | D52: 4175327831 | E52: 46268 | F52: Em Domicílio | G52: AC018DXADKG/AZ | H52: M000 | I52: Roberto Martino | J52: 03.19.2026 | L52: {=IFERROR(INDEX('Gerenciamento IH'!B:B,MATCH(A52,'Gerenciamento IH'!B:B,0)), "Não está")} -> 4175327831
A53: 4175327861 | D53: 4175327861 | E53: 46268 | F53: Em Domicílio | G53: AJ068ANAPKH2AZ | H53: M000 | I53: OBRAS SOCIAIS NOSSA SENHORA | J53: 03.19.2026 | L53: {=IFERROR(INDEX('Gerenciamento IH'!B:B,MATCH(A53,'Gerenciamento IH'!B:B,0)), "Não está")} -> 4175327861
A54: 4175337909 | D54: 4175337909 | E54: 46298 | F54: Em Domicílio | G54: AJ080AXJ4KH/AZ | H54: 02TMPXBY100175V | I54: SOL PNEUS LTDA | J54: 46298 | L54: {=IFERROR(INDEX('Gerenciamento IH'!B:B,MATCH(A54,'Gerenciamento IH'!B:B,0)), "Não está")} -> 4175337909
A55: 4175343162 | D55: 4175343162 | E55: 46298 | F55: Em Domicílio | G55: AJ025ANAPKH2AZ | H55: M000 | I55: RENATO FREITAS DA SILVA | J55: 03.20.2026 | L55: {=IFERROR(INDEX('Gerenciamento IH'!B:B,MATCH(A55,'Gerenciamento IH'!B:B,0)), "Não está")} -> 4175343162
A56: 4175352436 | D56: 4175352436 | E56: 46329 | F56: Em Domicílio | G56: AR12DYFABWKNAZ | H56: M000 | I56: FELIPE DE AZEVEDO RAIMUNDO | J56: 03.19.2026 | L56: {=IFERROR(INDEX('Gerenciamento IH'!B:B,MATCH(A56,'Gerenciamento IH'!B:B,0)), "Não está")} -> 4175352436
A57: 4175355070 | D57: 4175355070 | E57: 46329 | F57: Em Domicílio | G57: AC048DXADKG/AZ | H57: M000 | I57: DAIANE SILVA MARQUES | J57: 03.23.2026 | L57: {=IFERROR(INDEX('Gerenciamento IH'!B:B,MATCH(A57,'Gerenciamento IH'!B:B,0)), "Não está")} -> 4175355070
A58: 4175357508 | D58: 4175357508 | E58: 46359 | F58: Em Domicílio | G58: AC018DXADKG/AZ | H58: 030DPXBY700171B | I58: SANTOS COMERCIO DE REFRIGER | J58: 03.20.2026 | L58: {=IFERROR(INDEX('Gerenciamento IH'!B:B,MATCH(A58,'Gerenciamento IH'!B:B,0)), "Não está")} -> 4175357508
A59: 4175357679 | D59: 4175357679 | E59: 46359 | F59: Em Domicílio | G59: AC018DXADKG/AZ | H59: 030DPXBY700168M | I59: SANTOS COMERCIO DE REFRIGER | J59: 03.20.2026 | L59: {=IFERROR(INDEX('Gerenciamento IH'!B:B,MATCH(A59,'Gerenciamento IH'!B:B,0)), "Não está")} -> 4175357679
A60: 4175357699 | D60: 4175357699 | E60: 46359 | F60: Em Domicílio | G60: AJ080AXJ4KH/AZ | H60: 02TMPXBX900450H | I60: Oswaldo Moratas | J60: 03.20.2026 | L60: {=IFERROR(INDEX('Gerenciamento IH'!B:B,MATCH(A60,'Gerenciamento IH'!B:B,0)), "Não está")} -> 4175357699
A61: 4175359543 | D61: 4175359543 | E61: 46359 | F61: Em Domicílio | G61: AJ068AXJ3KH/AZ | H61: 02TKPXBY900050Z | I61: Letícia Marques Vieira | J61: 04.14.2026 | L61: {=IFERROR(INDEX('Gerenciamento IH'!B:B,MATCH(A61,'Gerenciamento IH'!B:B,0)), "Não está")} -> 4175359543
A62: 4175359741 | D62: 4175359741 | E62: 46359 | F62: Em Domicílio | G62: AJ025ANAPKH2AZ | H62: 0321PXCXA01156T | I62: Lucas Da Paz Pedro | J62: 03.23.2026 | L62: {=IFERROR(INDEX('Gerenciamento IH'!B:B,MATCH(A62,'Gerenciamento IH'!B:B,0)), "Não está")} -> 4175359741
A63: 4175360035 | D63: 4175360035 | E63: 46359 | F63: Em Domicílio | G63: AM036TNVDKH/EU | H63: 0HG7PDCX800881A | I63: STR SERVICE COMERCIO | J63: 03.19.2026 | L63: {=IFERROR(INDEX('Gerenciamento IH'!B:B,MATCH(A63,'Gerenciamento IH'!B:B,0)), "Não está")} -> 4175360035
A64: 4175360148 | D64: 4175360148 | E64: 46359 | F64: Em Domicílio | G64: AJ025ANAPKH2AZ | H64: 0321PXCX800532A | I64: José Luiz | J64: 03.23.2026 | L64: {=IFERROR(INDEX('Gerenciamento IH'!B:B,MATCH(A64,'Gerenciamento IH'!B:B,0)), "Não está")} -> 4175360148
A65: 4175360623 | D65: 4175360623 | E65: 46359 | F65: Em Domicílio | G65: AJ050AXJ2KH/AZ | H65: 02TGPXDT600162P | I65: MIlton Dias Pereira Junior | J65: 03.20.2026 | L65: {=IFERROR(INDEX('Gerenciamento IH'!B:B,MATCH(A65,'Gerenciamento IH'!B:B,0)), "Não está")} -> 4175360623
A66: 4175360926 | D66: 4175360926 | E66: 46359 | F66: Em Domicílio | G66: AJ050AXJ2KH/AZ | H66: 02TGPXBXA00391H | I66: Solange Aparecida Pereira | J66: 03.23.2026 | L66: {=IFERROR(INDEX('Gerenciamento IH'!B:B,MATCH(A66,'Gerenciamento IH'!B:B,0)), "Não está")} -> 4175360926
... A70: 4175363875 | D70: 4175363875 | E70: 46359 | F70: Em Domicílio | G70: AC060DN4DKG/AZ | H70: 030ZPXAY200074Z | I70: RUAN MICHEL MORAES | J70: 04.14.2026 | L70: {=IFERROR(INDEX('Gerenciamento IH'!B:B,MATCH(A70,'Gerenciamento IH'!B:B,0)), "Não está")} -> 4175363875
A71: 4175371752 | D71: 4175371752 | E71: 03.13.2026 | F71: Em Domicílio | G71: AC060DNCDKG/AZ | H71: M000 | I71: Gustavo Bruggemann | J71: 03.19.2026 | L71: {=IFERROR(INDEX('Gerenciamento IH'!B:B,MATCH(A71,'Gerenciamento IH'!B:B,0)), "Não está")} -> 4175371752
A72: 4175378533 | D72: 4175378533 | E72: 03.16.2026 | F72: Em Domicílio | G72: AJ025ANAPKH/AZ | H72: 02TDPXCY400298A | I72: Estevao Alves de Lucena | J72: 03.20.2026 | L72: {=IFERROR(INDEX('Gerenciamento IH'!B:B,MATCH(A72,'Gerenciamento IH'!B:B,0)), "Não está")} -> 4175378533
A73: 4175380653 | D73: 4175380653 | E73: 03.16.2026 | F73: Em Domicílio | G73: AM280AXVANC/EA | H73: 0YBBPAOY100004X | I73: LTX CLIMATIZACAO LTDA | J73: 03.20.2026 | L73: {=IFERROR(INDEX('Gerenciamento IH'!B:B,MATCH(A73,'Gerenciamento IH'!B:B,0)), "Não está")} -> 4175380653
A74: 4175384452 | D74: 4175384452 | E74: 03.16.2026 | F74: Em Domicílio | G74: AM036KN4DCH/AA | H74: M000 | I74: BR CAPITAL DISTRIBUIDORA DE TIT | J74: 04.15.2026 | L74: {=IFERROR(INDEX('Gerenciamento IH'!B:B,MATCH(A74,'Gerenciamento IH'!B:B,0)), "Não está")} -> 4175384452
A75: 4175433654 | D75: 4175433654 | E75: 03.23.2026 | F75: Em Domicílio | G75: AJ025ANAPKH2AZ | H75: M000 | I75: Luísa Navarro | J75: 46177 | L75: {=IFERROR(INDEX('Gerenciamento IH'!B:B,MATCH(A75,'Gerenciamento IH'!B:B,0)), "Não está")} -> 4175433654
A76: 4175437307 | D76: 4175437307 | E76: 03.24.2026 | F76: Em Domicílio | G76: AR12DXFAAWKNAZ | H76: M000 | I76: Diogo Sesti | J76: 46207 | L76: {=IFERROR(INDEX('Gerenciamento IH'!B:B,MATCH(A76,'Gerenciamento IH'!B:B,0)), "Não está")} -> 4175437307
A77: 4175449224 | D77: 4175449224 | E77: 03.25.2026 | F77: Em Domicílio | G77: AR09DYFAAWKNAZ | H77: 032CPXCXC02134A | I77: AMANDA BENTO | J77: 03.31.2026 | L77: {=IFERROR(INDEX('Gerenciamento IH'!B:B,MATCH(A77,'Gerenciamento IH'!B:B,0)), "Não está")} -> 4175449224
A78: 4175456419 | D78: 4175456419 | E78: 03.26.2026 | F78: Em Domicílio | G78: AJ025ANAPKH2AZ | H78: 0321PXAX600359L | I78: Luis Alfredo Olbertz | J78: 03.26.2026 | L78: {=IFERROR(INDEX('Gerenciamento IH'!B:B,MATCH(A78,'Gerenciamento IH'!B:B,0)), "Não está")} -> 4175456419
A79: 4175456811 | D79: 4175456811 | E79: 03.26.2026 | F79: Em Domicílio | G79: AJ080AXJ4KH/AZ | H79: 02TMPXBX900330J | I79: Gorete Oliveira Feldman | J79: 04.17.2026 | L79: {=IFERROR(INDEX('Gerenciamento IH'!B:B,MATCH(A79,'Gerenciamento IH'!B:B,0)), "Não está")} -> 4175456811
A80: 4175468326 | D80: 4175468326 | E80: 03.27.2026 | F80: Em Domicílio | G80: MIM-H04N | H80: B0791030519AE01 | I80: JOAO MARTINS FELCAR | J80: 46085 | L80: {=IFERROR(INDEX('Gerenciamento IH'!B:B,MATCH(A80,'Gerenciamento IH'!B:B,0)), "Não está")} -> 4175468326
A81: 4175469595 | D81: 4175469595 | E81: 03.27.2026 | F81: Em Domicílio | G81: AJ050AXJ2KH/AZ | H81: M000 | I81: Grasielle Hopfer | J81: 46026 | L81: {=IFERROR(INDEX('Gerenciamento IH'!B:B,MATCH(A81,'Gerenciamento IH'!B:B,0)), "Não está")} -> 4175469595
A82: 4175470196 | D82: 4175470196 | E82: 03.27.2026 | F82: Em Domicílio | G82: AJ050ANAPKH2AZ | H82: M000 | I82: Ieda Aparecida Dos Santos Silva | J82: 46026 | L82: {=IFERROR(INDEX('Gerenciamento IH'!B:B,MATCH(A82,'Gerenciamento IH'!B:B,0)), "Não está")} -> 4175470196
A83: 4175475967 | D83: 4175475967 | E83: 03.30.2026 | F83: Em Domicílio | G83: AJ050AXJ2KH/AZ | H83: 02TGPXDX700267R | I83: Luis Alfredo Olbertz | J83: 46026 | L83: {=IFERROR(INDEX('Gerenciamento IH'!B:B,MATCH(A83,'Gerenciamento IH'!B:B,0)), "Não está")} -> 4175475967
A84: 4175483675 | D84: 4175483675 | E84: 03.30.2026 | F84: Em Domicílio | G84: AM024NN1DCH/AZ | H84: B9MRP3HXA00048Z | I84: Deniz Morgan da Costa Juni | J84: 46057 | L84: {=IFERROR(INDEX('Gerenciamento IH'!B:B,MATCH(A84,'Gerenciamento IH'!B:B,0)), "Não está")} -> 4175483675
A85: 4175483939 | D85: 4175483939 | E85: 03.30.2026 | F85: Em Domicílio | G85: AM018NN1DCH/AZ | H85: B9MPP3HR800003L | I85: NORBERTO GUIMARAES LOPEZ | J85: 46026 | L85: {=IFERROR(INDEX('Gerenciamento IH'!B:B,MATCH(A85,'Gerenciamento IH'!B:B,0)), "Não está")} -> 4175483939
A86: 4175484789 | D86: 4175484789 | E86: 03.30.2026 | F86: Em Domicílio | G86: AM120KXMDHH/TC | H86: 0F39PAORB00013W | I86: Carlos Bedani | J86: 46026 | L86: {=IFERROR(INDEX('Gerenciamento IH'!B:B,MATCH(A86,'Gerenciamento IH'!B:B,0)), "Não está")} -> 4175484789
A87: 4175484858 | D87: 4175484858 | E87: 03.30.2026 | F87: Em Domicílio | G87: AM200AXVANC/EA | H87: 0YB7PAOY300015Y | I87: BIS DISTRIBUIDORA DE VEI | J87: 04.16.2026 | L87: {=IFERROR(INDEX('Gerenciamento IH'!B:B,MATCH(A87,'Gerenciamento IH'!B:B,0)), "Não está")} -> 4175484858
A88: 4175484923 | D88: 4175484923 | E88: 03.30.2026 | F88: Em Domicílio | G88: AM028NN1DKH/EU | H88: BF5LP3HX300664D | I88: Leonardo Marcelino Santos | J88: 46177 | L88: {=IFERROR(INDEX('Gerenciamento IH'!B:B,MATCH(A88,'Gerenciamento IH'!B:B,0)), "Não está")} -> 4175484923
A89: 4175484970 | D89: 4175484970 | E89: 03.30.2026 | F89: Em Domicílio | G89: AM060TXMDKH/AZ | H89: 0V5TPAFXA00013N | I89: Laura Müller Valente | J89: 46026 | L89: {=IFERROR(INDEX('Gerenciamento IH'!B:B,MATCH(A89,'Gerenciamento IH'!B:B,0)), "Não está")} -> 4175484970
A90: 4175487994 | D90: 4175487994 | E90: 03.31.2026 | F90: Em Domicílio | G90: AC024DXADKG/AZ | H90: 030JPXBXC00453A | I90: Paulo Roberto Ribeiro | J90: 46057 | L90: {=IFERROR(INDEX('Gerenciamento IH'!B:B,MATCH(A90,'Gerenciamento IH'!B:B,0)), "Não está")} -> 4175487994
A91: 4175490185 | D91: 4175490185 | E91: 03.31.2026 | F91: Em Domicílio | G91: AM036KNMDCH/AZ | H91: 0R5CPALT300014R | I91: Felipe Santana de Paula | J91: 46207 | L91: {=IFERROR(INDEX('Gerenciamento IH'!B:B,MATCH(A91,'Gerenciamento IH'!B:B,0)), "Não está")} -> 4175490185
A92: 4175490687 | D92: 4175490687 | E92: 03.31.2026 | F92: Em Domicílio | G92: AC024DN1DKG/AZ | H92: 030EPXAY600034H | I92: Thiago Flareco | J92: 46026 | L92: {=IFERROR(INDEX('Gerenciamento IH'!B:B,MATCH(A92,'Gerenciamento IH'!B:B,0)), "Não está")} -> 4175490687
A93: 4175496565 | D93: 4175496565 | E93: 46026 | F93: Em Domicílio | G93: AM036NN1DKH/EU | H93: BF5NP3HXC00208Z | I93: REGINA LONGO SANCHEZ | J93: 04.14.2026 | L93: {=IFERROR(INDEX('Gerenciamento IH'!B:B,MATCH(A93,'Gerenciamento IH'!B:B,0)), "Não está")} -> 4175496565
A94: 4175496687 | D94: 4175496687 | E94: 46026 | F94: Em Domicílio | G94: AJ080AXJ4KH/AZ | H94: M000 | I94: Leonardo Renan Fiorin | J94: 46269 | L94: {=IFERROR(INDEX('Gerenciamento IH'!B:B,MATCH(A94,'Gerenciamento IH'!B:B,0)), "Não está")} -> 4175496687
A95: 4175500673 | D95: 4175500673 | E95: 46026 | F95: Em Domicílio | G95: AC036DXADKG/AZ | H95: 030RPXBY400074Y | I95: Hugo Alves dos Santos | J95: 46085 | L95: {=IFERROR(INDEX('Gerenciamento IH'!B:B,MATCH(A95,'Gerenciamento IH'!B:B,0)), "Não está")} -> 4175500673
A96: 4175504085 | D96: 4175504085 | E96: 46057 | F96: Em Domicílio | G96: AJ068AXJ3KH/AZ | H96: 02TKPXBX100020P | I96: BRUNO DE CARVALHO MARTOREL | J96: 46057 | L96: {=IFERROR(INDEX('Gerenciamento IH'!B:B,MATCH(A96,'Gerenciamento IH'!B:B,0)), "Não está")} -> 4175504085
A97: 4175535399 | D97: 4175535399 | E97: 46207 | F97: Em Domicílio | G97: AR24DXFAAWKXAZ | H97: 033QPXBY200357R | I97: Diogo Sesti | J97: 04.15.2026 | L97: {=IFERROR(INDEX('Gerenciamento IH'!B:B,MATCH(A97,'Gerenciamento IH'!B:B,0)), "Não está")} -> 4175535399
A98: 4175555212 | D98: 4175555212 | E98: 46269 | F98: Em Domicílio | G98: PC6NUSMANW | H98: M000 | I98: Wagner Oliveira | J98: 04.14.2026 | L98: {=IFERROR(INDEX('Gerenciamento IH'!B:B,MATCH(A98,'Gerenciamento IH'!B:B,0)), "Não está")} -> 4175555212
A99: 4175559602 | D99: 4175559602 | E99: 46299 | F99: Em Domicílio | G99: AM028NN1DKH/EU | H99: BF5LP3HX800136J | I99: TGSP 88 Empreendimentos Imob | J99: 04.13.2026 | L99: {=IFERROR(INDEX('Gerenciamento IH'!B:B,MATCH(A99,'Gerenciamento IH'!B:B,0)), "Não está")} -> 4175559602
A100: 4175586801 | D100: 4175586801 | E100: 04.14.2026 | F100: Em Domicílio | G100: AC048DXADKG/AZ | H100: M000 | I100: CONSTRUTORA DOTTO | J100: 04.15.2026 | L100: {=IFERROR(INDEX('Gerenciamento IH'!B:B,MATCH(A100,'Gerenciamento IH'!B:B,0)), "Não está")} -> 4175586801
A101: 4175597428 | D101: 4175597428 | E101: 04.15.2026 | F101: Em Domicílio | G101: AM009KNQDCH/AZ | H101: 0RAVPAGWC00018Z | I101: Fred Kenji Eada | J101: 04.15.2026 | L101: {=IFERROR(INDEX('Gerenciamento IH'!B:B,MATCH(A101,'Gerenciamento IH'!B:B,0)), "Não está")} -> 4175597428
A102: 4174445115 | D102: 4174445115 | E102: 45941 | F102: Em Domicílio | G102: AC018DN1DKG/AZ | H102: 0309PXAY700069B | I102: MARIO GOMES DA SILVA | J102: 03.19.2026 | L102: {=IFERROR(INDEX('Gerenciamento IH'!B:B,MATCH(A102,'Gerenciamento IH'!B:B,0)), "Não está")} -> 4174445115
A103: 4174866947 | D103: 4174866947 | E103: 46204 | F103: Em Domicílio | G103: AC018DN1DKG/AZ | H103: 0309PXAY400025P | I103: Sidnei Dos Reis Lopes | J103: 46358 | L103: {=IFERROR(INDEX('Gerenciamento IH'!B:B,MATCH(A103,'Gerenciamento IH'!B:B,0)), "Não está")} -> 4174866947
...

Sheet Glossário
A1: Glossários de Cores (Em Domicílio)
B2: OS Aguardando Agendamento
B3: OS Aguardando Análise do Resultado da Visita
B4: OS Travada / Dúvida
B5: OS Aguardando lançamento de Extra Man AM
B6: OS Aguardando Aprovação de Extra Man / KM
B7: OS em Reparo Completo
B8: OS pronta para fechamento
B9: OS Extra Man em execução /aguardando peças
